Workbook

Sheet LEG ESTUDO DE MASSAS
F1: 45547 | J1: PESQUISAR CÓDIGO ANTIGO:
B3: CLIENTE - PROJETO | K3: COD. ANTIGO | L3: COD. NOVO | M3: NOME | N3: NOME
B4: LEGENDAS ESPÉCIES ESTUDO DE MASSAS | K4: TAIM | L4: =_xlfn.XLOOKUP(K$4,'uso interno PLANILHA'!R:R,'uso interno PLANILHA'!A:A,0) -> HAIM | M4: =_xlfn.XLOOKUP(L4,'uso interno PLANILHA'!A:A,'uso interno PLANILHA'!C:C,0) -> Handroanthus impetiginosus (Tabebuia impetiginosa ) | N4: =_xlfn.XLOOKUP(L4,'uso interno PLANILHA'!A:A,'uso interno PLANILHA'!D:D,0) -> Ipe roxo de bola
B5: ÁRVORES/ PALMEIRAS/ ARBUSTOS / FORRAÇÕES
B6: CODIGO | C6: TIPO | D6: NOME CIENTIFICO | E6: NOME POPULAR | F6: COR
B7: CLFL VA | C7: =VLOOKUP($B7,DADOS_ABBUD[],COLUMNS($C$6:C6)+1,0) -> 5. ARBUSTO | D7: =VLOOKUP($B7,DADOS_ABBUD[],COLUMNS($C$6:D6)+1,0) -> Clusia fluminensis variegata | E7: =VLOOKUP($B7,DADOS_ABBUD[],COLUMNS($C$6:E6)+1,0) -> Clúsia-grande | F7: =VLOOKUP($B7,DADOS_ABBUD[],COLUMNS($C$6:F6)+1,0) -> VARIEGATA
B8: ARRE | C8: =VLOOKUP($B8,DADOS_ABBUD[],COLUMNS($C$6:C7)+1,0) -> 6. FORRAÇÃO | D8: =VLOOKUP($B8,DADOS_ABBUD[],COLUMNS($C$6:D7)+1,0) -> Arachis repens | E8: =VLOOKUP($B8,DADOS_ABBUD[],COLUMNS($C$6:E7)+1,0) -> Grama amendoim | F8: =VLOOKUP($B8,DADOS_ABBUD[],COLUMNS($C$6:F7)+1,0) -> AMARELO
B9: ASSP | C9: =VLOOKUP($B9,DADOS_ABBUD[],COLUMNS($C$6:C8)+1,0) -> 6. FORRAÇÃO | D9: =VLOOKUP($B9,DADOS_ABBUD[],COLUMNS($C$6:D8)+1,0) -> Asparagus densiflorus Sprengeri | E9: =VLOOKUP($B9,DADOS_ABBUD[],COLUMNS($C$6:E8)+1,0) -> Aspargo pendente | F9: =VLOOKUP($B9,DADOS_ABBUD[],COLUMNS($C$6:F8)+1,0)
B10: CAJA | C10: =VLOOKUP($B10,DADOS_ABBUD[],COLUMNS($C$6:C9)+1,0) -> 5. ARBUSTO | D10: =VLOOKUP($B10,DADOS_ABBUD[],COLUMNS($C$6:D9)+1,0) -> Camellia japonica | E10: =VLOOKUP($B10,DADOS_ABBUD[],COLUMNS($C$6:E9)+1,0) -> Camelia | F10: =VLOOKUP($B10,DADOS_ABBUD[],COLUMNS($C$6:F9)+1,0) -> BR RS
B11: CALU | C11: =VLOOKUP($B11,DADOS_ABBUD[],COLUMNS($C$6:C10)+1,0) -> 5. ARBUSTO | D11: =VLOOKUP($B11,DADOS_ABBUD[],COLUMNS($C$6:D10)+1,0) -> Calathea lutea | E11: =VLOOKUP($B11,DADOS_ABBUD[],COLUMNS($C$6:E10)+1,0) -> Calatéia Charuto | F11: =VLOOKUP($B11,DADOS_ABBUD[],COLUMNS($C$6:F10)+1,0)
B12: CUCA | C12: =VLOOKUP($B12,DADOS_ABBUD[],COLUMNS($C$6:C11)+1,0) -> 5. ARBUSTO | D12: =VLOOKUP($B12,DADOS_ABBUD[],COLUMNS($C$6:D11)+1,0) -> Curculigo capitulata | E12: =VLOOKUP($B12,DADOS_ABBUD[],COLUMNS($C$6:E11)+1,0) -> Curculigo | F12: =VLOOKUP($B12,DADOS_ABBUD[],COLUMNS($C$6:F11)+1,0)
B13: CYBI | C13: =VLOOKUP($B13,DADOS_ABBUD[],COLUMNS($C$6:C12)+1,0) -> 5. ARBUSTO | D13: =VLOOKUP($B13,DADOS_ABBUD[],COLUMNS($C$6:D12)+1,0) -> Cyclanthus bipartitus | E13: =VLOOKUP($B13,DADOS_ABBUD[],COLUMNS($C$6:E12)+1,0) -> Ciclantus | F13: =VLOOKUP($B13,DADOS_ABBUD[],COLUMNS($C$6:F12)+1,0)
B14: DRAR | C14: =VLOOKUP($B14,DADOS_ABBUD[],COLUMNS($C$6:C13)+1,0) -> 5. ARBUSTO | D14: =VLOOKUP($B14,DADOS_ABBUD[],COLUMNS($C$6:D13)+1,0) -> Dracaena arborea | E14: =VLOOKUP($B14,DADOS_ABBUD[],COLUMNS($C$6:E13)+1,0) -> Dracena arbórea | F14: =VLOOKUP($B14,DADOS_ABBUD[],COLUMNS($C$6:F13)+1,0)
B15: DYMA | C15: =VLOOKUP($B15,DADOS_ABBUD[],COLUMNS($C$6:C14)+1,0) -> 1. PALMEIRA | D15: =VLOOKUP($B15,DADOS_ABBUD[],COLUMNS($C$6:D14)+1,0) -> Dypsis madagascariensis | E15: =VLOOKUP($B15,DADOS_ABBUD[],COLUMNS($C$6:E14)+1,0) -> Areca de locuba | F15: =VLOOKUP($B15,DADOS_ABBUD[],COLUMNS($C$6:F14)+1,0)
B16: EUUN | C16: =VLOOKUP($B16,DADOS_ABBUD[],COLUMNS($C$6:C15)+1,0) -> 4. ARV FRUT | D16: =VLOOKUP($B16,DADOS_ABBUD[],COLUMNS($C$6:D15)+1,0) -> Eugenia uniflora | E16: =VLOOKUP($B16,DADOS_ABBUD[],COLUMNS($C$6:E15)+1,0) -> Pitanga | F16: =VLOOKUP($B16,DADOS_ABBUD[],COLUMNS($C$6:F15)+1,0)
B17: GAJA | C17: =VLOOKUP($B17,DADOS_ABBUD[],COLUMNS($C$6:C16)+1,0) -> 5. ARBUSTO | D17: =VLOOKUP($B17,DADOS_ABBUD[],COLUMNS($C$6:D16)+1,0) -> Gardenia jasminoides | E17: =VLOOKUP($B17,DADOS_ABBUD[],COLUMNS($C$6:E16)+1,0) -> Gardenia | F17: =VLOOKUP($B17,DADOS_ABBUD[],COLUMNS($C$6:F16)+1,0) -> BRANCO
B18: HACH | C18: =VLOOKUP($B18,DADOS_ABBUD[],COLUMNS($C$6:C17)+1,0) -> 2. ARV NATIVA | D18: =VLOOKUP($B18,DADOS_ABBUD[],COLUMNS($C$6:D17)+1,0) -> Handroanthus chrysotrichus (Tabebuia chrysotricha) | E18: =VLOOKUP($B18,DADOS_ABBUD[],COLUMNS($C$6:E17)+1,0) -> Ipe amarelo cascudo | F18: =VLOOKUP($B18,DADOS_ABBUD[],COLUMNS($C$6:F17)+1,0) -> AMARELO
... B46: MEER | C46: =VLOOKUP($B46,DADOS_ABBUD[],COLUMNS($C$6:C45)+1,0) -> 5. ARBUSTO | D46: =VLOOKUP($B46,DADOS_ABBUD[],COLUMNS($C$6:D45)+1,0) -> Megaskepasma erythrochlamys | E46: =VLOOKUP($B46,DADOS_ABBUD[],COLUMNS($C$6:E45)+1,0) -> Justicia vermelha | F46: =VLOOKUP($B46,DADOS_ABBUD[],COLUMNS($C$6:F45)+1,0) -> 0
K47: COMO USAR A PLANILHA:
K48: 1) AJUSTAR DATA
K49: 2) PREENCHER CLIENTE - PROJETO
K50: 3) DIGITAR APENAS O CÓDIGO (DEMAIS COLUNAS AUTOMÁTICAS)
K51: CASO NÃO APAREÇA AS DESCRIÇÕES, SIGNIFICA Q NÃO EXISTE NO BANCO DE DADOS
K52: 4) COR: CASO NÃO SEJA A COR PRETENDIDA, ESCREVER NO CAMPO "COR"
K53: 5) IMPRESSÃO PRÉ CONFIGURADA PARA 1 FOLHA:
K54: AUTOMÁTICO - NOME DO ARQUIVO NO CABEÇALHO, BABBUD NO RODAPÉ
K55: EM "ARQUIVO" "IMPRIMIR" - VERIFICAR SE TODAS AS FOLHAS ESTÃO APARECENDO
K56: CASO NÃO, VOLTAR E SELECIONAR A PLANILHA
K57: 5) ENVIAR PARA O CLIENTE APENAS O PDF DA LEGENDA, NÃO ENVIAR O EXCEL

Sheet LEG MASSAS SIMPLIF
D1: 46097 | I1: PESQUISAR CÓDIGO ANTIGO:
B3: CLIENTE - PROJETO | J3: COD. ANTIGO | K3: COD. NOVO | L3: NOME | M3: NOME
B4: LEGENDA DE ESPÉCIES (ÁRVORES, PALMEIRAS, ARBUSTOS E FORRAÇÕES) | J4: HIPE | K4: =_xlfn.XLOOKUP(J$4,'uso interno PLANILHA'!R:R,'uso interno PLANILHA'!A:A,0) -> TAPR | L4: =_xlfn.XLOOKUP(K$4,'uso interno PLANILHA'!A:A,'uso interno PLANILHA'!C:C,0) -> Talipariti pernambucense (Hibiscus pernambucensis) | M4: =_xlfn.XLOOKUP(K$4,'uso interno PLANILHA'!A:A,'uso interno PLANILHA'!D:D,0) -> Algodão-de-praia
B5: CODIGO | C5: NOME CIENTÍFICO | D5: FOTO
B6: ='LEG ESTUDO DE MASSAS'!$B7 -> CLFL VA | C6: =VLOOKUP($B6,DADOS_ABBUD[],COLUMNS($C$5:C5)+2,0) -> Clusia fluminensis variegata | D6: =VLOOKUP($B6,DADOS_ABBUD[],COLUMNS($C$6:D6)+18,0) -> #VALUE!
B7: ='LEG ESTUDO DE MASSAS'!$B8 -> ARRE | C7: =VLOOKUP($B7,DADOS_ABBUD[],COLUMNS($C$5:C6)+2,0) -> Arachis repens | D7: =VLOOKUP($B7,DADOS_ABBUD[],COLUMNS($C$6:D7)+18,0) -> #VALUE!
B8: ='LEG ESTUDO DE MASSAS'!$B9 -> ASSP | C8: =VLOOKUP($B8,DADOS_ABBUD[],COLUMNS($C$5:C7)+2,0) -> Asparagus densiflorus Sprengeri | D8: =VLOOKUP($B8,DADOS_ABBUD[],COLUMNS($C$6:D8)+18,0) -> #VALUE!
B9: ='LEG ESTUDO DE MASSAS'!$B10 -> CAJA | C9: =VLOOKUP($B9,DADOS_ABBUD[],COLUMNS($C$5:C8)+2,0) -> Camellia japonica | D9: =VLOOKUP($B9,DADOS_ABBUD[],COLUMNS($C$6:D9)+18,0) -> #VALUE!
B10: ='LEG ESTUDO DE MASSAS'!$B11 -> CALU | C10: =VLOOKUP($B10,DADOS_ABBUD[],COLUMNS($C$5:C9)+2,0) -> Calathea lutea | D10: =VLOOKUP($B10,DADOS_ABBUD[],COLUMNS($C$6:D10)+18,0) -> #VALUE!
B11: ='LEG ESTUDO DE MASSAS'!$B12 -> CUCA | C11: =VLOOKUP($B11,DADOS_ABBUD[],COLUMNS($C$5:C10)+2,0) -> Curculigo capitulata | D11: =VLOOKUP($B11,DADOS_ABBUD[],COLUMNS($C$6:D11)+18,0) -> #VALUE!
B12: ='LEG ESTUDO DE MASSAS'!$B13 -> CYBI | C12: =VLOOKUP($B12,DADOS_ABBUD[],COLUMNS($C$5:C11)+2,0) -> Cyclanthus bipartitus | D12: =VLOOKUP($B12,DADOS_ABBUD[],COLUMNS($C$6:D12)+18,0) -> #VALUE!
B13: ='LEG ESTUDO DE MASSAS'!$B14 -> DRAR | C13: =VLOOKUP($B13,DADOS_ABBUD[],COLUMNS($C$5:C12)+2,0) -> Dracaena arborea | D13: =VLOOKUP($B13,DADOS_ABBUD[],COLUMNS($C$6:D13)+18,0) -> #VALUE!
B14: ='LEG ESTUDO DE MASSAS'!$B15 -> DYMA | C14: =VLOOKUP($B14,DADOS_ABBUD[],COLUMNS($C$5:C13)+2,0) -> Dypsis madagascariensis | D14: =VLOOKUP($B14,DADOS_ABBUD[],COLUMNS($C$6:D14)+18,0) -> #VALUE!
B15: ='LEG ESTUDO DE MASSAS'!$B16 -> EUUN | C15: =VLOOKUP($B15,DADOS_ABBUD[],COLUMNS($C$5:C14)+2,0) -> Eugenia uniflora | D15: =VLOOKUP($B15,DADOS_ABBUD[],COLUMNS($C$6:D15)+18,0) -> #VALUE!
B16: ='LEG ESTUDO DE MASSAS'!$B17 -> GAJA | C16: =VLOOKUP($B16,DADOS_ABBUD[],COLUMNS($C$5:C15)+2,0) -> Gardenia jasminoides | D16: =VLOOKUP($B16,DADOS_ABBUD[],COLUMNS($C$6:D16)+18,0) -> #VALUE!
B17: ='LEG ESTUDO DE MASSAS'!$B18 -> HACH | C17: =VLOOKUP($B17,DADOS_ABBUD[],COLUMNS($C$5:C16)+2,0) -> Handroanthus chrysotrichus (Tabebuia chrysotricha) | D17: =VLOOKUP($B17,DADOS_ABBUD[],COLUMNS($C$6:D17)+18,0) -> #VALUE!
... B44: ='LEG ESTUDO DE MASSAS'!$B45 -> THUN | C44: =VLOOKUP($B44,DADOS_ABBUD[],COLUMNS($C$5:C43)+2,0) -> Thaumatophyllum undulatum (Philodendron undulatum) | D44: =VLOOKUP($B44,DADOS_ABBUD[],COLUMNS($C$6:D44)+18,0) -> #VALUE!

Sheet LEG MASSAS PORTE
D1: 46097 | I1: PESQUISAR CÓDIGO ANTIGO:
B3: CLIENTE - PROJETO | J3: COD. ANTIGO | K3: COD. NOVO | L3: NOME | M3: NOME
B4: LEGENDA DE ESPÉCIES (ÁRVORES, PALMEIRAS, ARBUSTOS E FORRAÇÕES) | J4: CAPE | K4: =_xlfn.XLOOKUP(J$4,'uso interno PLANILHA'!R:R,'uso interno PLANILHA'!A:A,0) -> CEPL | L4: =_xlfn.XLOOKUP(K$4,'uso interno PLANILHA'!A:A,'uso interno PLANILHA'!C:C,0) -> Cenostigma pluviosum (Caesalpinia peltophoroides) | M4: =_xlfn.XLOOKUP(K$4,'uso interno PLANILHA'!A:A,'uso interno PLANILHA'!D:D,0) -> Sibipiruna
B5: CODIGO | C5: NOME CIENTÍFICO | D5: FOTO | E5: PORTE (cm)
B6: ='LEG ESTUDO DE MASSAS'!$B7 -> CLFL VA | C6: =VLOOKUP($B6,DADOS_ABBUD[],COLUMNS($C$5:C5)+2,0) -> Clusia fluminensis variegata | D6: =VLOOKUP($B6,DADOS_ABBUD[],COLUMNS($C$6:D6)+18,0) -> #VALUE! | E6: =VLOOKUP($B6,DADOS_ABBUD[],COLUMNS($C$6:D6)+10,FALSE) -> 0
B7: ='LEG ESTUDO DE MASSAS'!$B8 -> ARRE | C7: =VLOOKUP($B7,DADOS_ABBUD[],COLUMNS($C$5:C6)+2,0) -> Arachis repens | D7: =VLOOKUP($B7,DADOS_ABBUD[],COLUMNS($C$6:D7)+18,0) -> #VALUE! | E7: =VLOOKUP($B7,DADOS_ABBUD[],COLUMNS($C$6:D7)+10,FALSE) -> 10
B8: ='LEG ESTUDO DE MASSAS'!$B9 -> ASSP | C8: =VLOOKUP($B8,DADOS_ABBUD[],COLUMNS($C$5:C7)+2,0) -> Asparagus densiflorus Sprengeri | D8: =VLOOKUP($B8,DADOS_ABBUD[],COLUMNS($C$6:D8)+18,0) -> #VALUE! | E8: =VLOOKUP($B8,DADOS_ABBUD[],COLUMNS($C$6:D8)+10,FALSE) -> 40
B9: ='LEG ESTUDO DE MASSAS'!$B10 -> CAJA | C9: =VLOOKUP($B9,DADOS_ABBUD[],COLUMNS($C$5:C8)+2,0) -> Camellia japonica | D9: =VLOOKUP($B9,DADOS_ABBUD[],COLUMNS($C$6:D9)+18,0) -> #VALUE! | E9: =VLOOKUP($B9,DADOS_ABBUD[],COLUMNS($C$6:D9)+10,FALSE) -> 200
B10: CEPL | C10: =VLOOKUP($B10,DADOS_ABBUD[],COLUMNS($C$5:C9)+2,0) -> Cenostigma pluviosum (Caesalpinia peltophoroides) | D10: =VLOOKUP($B10,DADOS_ABBUD[],COLUMNS($C$6:D10)+18,0) -> #VALUE! | E10: =VLOOKUP($B10,DADOS_ABBUD[],COLUMNS($C$6:D10)+10,FALSE) -> 0
B11: ='LEG ESTUDO DE MASSAS'!$B12 -> CUCA | C11: =VLOOKUP($B11,DADOS_ABBUD[],COLUMNS($C$5:C10)+2,0) -> Curculigo capitulata | D11: =VLOOKUP($B11,DADOS_ABBUD[],COLUMNS($C$6:D11)+18,0) -> #VALUE! | E11: =VLOOKUP($B11,DADOS_ABBUD[],COLUMNS($C$6:D11)+10,FALSE) -> 30
B12: ='LEG ESTUDO DE MASSAS'!$B13 -> CYBI | C12: =VLOOKUP($B12,DADOS_ABBUD[],COLUMNS($C$5:C11)+2,0) -> Cyclanthus bipartitus | D12: =VLOOKUP($B12,DADOS_ABBUD[],COLUMNS($C$6:D12)+18,0) -> #VALUE! | E12: =VLOOKUP($B12,DADOS_ABBUD[],COLUMNS($C$6:D12)+10,FALSE) -> 100
B13: ='LEG ESTUDO DE MASSAS'!$B14 -> DRAR | C13: =VLOOKUP($B13,DADOS_ABBUD[],COLUMNS($C$5:C12)+2,0) -> Dracaena arborea | D13: =VLOOKUP($B13,DADOS_ABBUD[],COLUMNS($C$6:D13)+18,0) -> #VALUE! | E13: =VLOOKUP($B13,DADOS_ABBUD[],COLUMNS($C$6:D13)+10,FALSE) -> 200
B14: ='LEG ESTUDO DE MASSAS'!$B15 -> DYMA | C14: =VLOOKUP($B14,DADOS_ABBUD[],COLUMNS($C$5:C13)+2,0) -> Dypsis madagascariensis | D14: =VLOOKUP($B14,DADOS_ABBUD[],COLUMNS($C$6:D14)+18,0) -> #VALUE! | E14: =VLOOKUP($B14,DADOS_ABBUD[],COLUMNS($C$6:D14)+10,FALSE) -> 300
B15: ='LEG ESTUDO DE MASSAS'!$B16 -> EUUN | C15: =VLOOKUP($B15,DADOS_ABBUD[],COLUMNS($C$5:C14)+2,0) -> Eugenia uniflora | D15: =VLOOKUP($B15,DADOS_ABBUD[],COLUMNS($C$6:D15)+18,0) -> #VALUE! | E15: =VLOOKUP($B15,DADOS_ABBUD[],COLUMNS($C$6:D15)+10,FALSE) -> 300
B16: ='LEG ESTUDO DE MASSAS'!$B17 -> GAJA | C16: =VLOOKUP($B16,DADOS_ABBUD[],COLUMNS($C$5:C15)+2,0) -> Gardenia jasminoides | D16: =VLOOKUP($B16,DADOS_ABBUD[],COLUMNS($C$6:D16)+18,0) -> #VALUE! | E16: =VLOOKUP($B16,DADOS_ABBUD[],COLUMNS($C$6:D16)+10,FALSE) -> 80
B17: ='LEG ESTUDO DE MASSAS'!$B18 -> HACH | C17: =VLOOKUP($B17,DADOS_ABBUD[],COLUMNS($C$5:C16)+2,0) -> Handroanthus chrysotrichus (Tabebuia chrysotricha) | D17: =VLOOKUP($B17,DADOS_ABBUD[],COLUMNS($C$6:D17)+18,0) -> #VALUE! | E17: =VLOOKUP($B17,DADOS_ABBUD[],COLUMNS($C$6:D17)+10,FALSE) -> 0
B18: ='LEG ESTUDO DE MASSAS'!$B19 -> HAIM | C18: =VLOOKUP($B18,DADOS_ABBUD[],COLUMNS($C$5:C17)+2,0) -> Handroanthus impetiginosus (Tabebuia impetiginosa ) | D18: =VLOOKUP($B18,DADOS_ABBUD[],COLUMNS($C$6:D18)+18,0) -> #VALUE! | E18: =VLOOKUP($B18,DADOS_ABBUD[],COLUMNS($C$6:D18)+10,FALSE) -> 0
B19: ='LEG ESTUDO DE MASSAS'!$B20 -> HEBI | C19: =VLOOKUP($B19,DADOS_ABBUD[],COLUMNS($C$5:C18)+2,0) -> Heliconia bihai | D19: =VLOOKUP($B19,DADOS_ABBUD[],COLUMNS($C$6:D19)+18,0) -> #VALUE! | E19: =VLOOKUP($B19,DADOS_ABBUD[],COLUMNS($C$6:D19)+10,FALSE) -> 200
B20: ='LEG ESTUDO DE MASSAS'!$B21 -> HEPS | C20: =VLOOKUP($B20,DADOS_ABBUD[],COLUMNS($C$5:C19)+2,0) -> Heliconia psittacorum | D20: =VLOOKUP($B20,DADOS_ABBUD[],COLUMNS($C$6:D20)+18,0) -> #VALUE! | E20: =VLOOKUP($B20,DADOS_ABBUD[],COLUMNS($C$6:D20)+10,FALSE) -> 100
B21: ='LEG ESTUDO DE MASSAS'!$B22 -> JACU | C21: =VLOOKUP($B21,DADOS_ABBUD[],COLUMNS($C$5:C20)+2,0) -> Jacaranda cuspidifolia | D21: =VLOOKUP($B21,DADOS_ABBUD[],COLUMNS($C$6:D21)+18,0) -> #VALUE! | E21: =VLOOKUP($B21,DADOS_ABBUD[],COLUMNS($C$6:D21)+10,FALSE) -> 300
B22: ='LEG ESTUDO DE MASSAS'!$B23 -> JAME | C22: =VLOOKUP($B22,DADOS_ABBUD[],COLUMNS($C$5:C21)+2,0) -> Jasminum mesnyi | D22: =VLOOKUP($B22,DADOS_ABBUD[],COLUMNS($C$6:D22)+18,0) -> #VALUE! | E22: =VLOOKUP($B22,DADOS_ABBUD[],COLUMNS($C$6:D22)+10,FALSE) -> 30
... B29: ='LEG ESTUDO DE MASSAS'!$B30 -> MEER | C29: =VLOOKUP($B29,DADOS_ABBUD[],COLUMNS($C$5:C28)+2,0) -> Megaskepasma erythrochlamys | D29: =VLOOKUP($B29,DADOS_ABBUD[],COLUMNS($C$6:D29)+18,0) -> #VALUE! | E29: =VLOOKUP($B29,DADOS_ABBUD[],COLUMNS($C$6:D29)+10,FALSE) -> 120
B30: ASGA | C30: =VLOOKUP($B30,DADOS_ABBUD[],COLUMNS($C$5:C29)+2,0) -> Asystasia gangetica | D30: =VLOOKUP($B30,DADOS_ABBUD[],COLUMNS($C$6:D30)+18,0) -> #VALUE! | E30: =VLOOKUP($B30,DADOS_ABBUD[],COLUMNS($C$6:D30)+10,FALSE) -> 20
B31: ='LEG ESTUDO DE MASSAS'!$B32 -> OPJB VA | C31: =VLOOKUP($B31,DADOS_ABBUD[],COLUMNS($C$5:C30)+2,0) -> Ophiopogon jaburan | D31: =VLOOKUP($B31,DADOS_ABBUD[],COLUMNS($C$6:D31)+18,0) -> #VALUE! | E31: =VLOOKUP($B31,DADOS_ABBUD[],COLUMNS($C$6:D31)+10,FALSE) -> 20
B32: ='LEG ESTUDO DE MASSAS'!$B33 -> OPJB VD | C32: =VLOOKUP($B32,DADOS_ABBUD[],COLUMNS($C$5:C31)+2,0) -> Ophiopogon jaburan | D32: =VLOOKUP($B32,DADOS_ABBUD[],COLUMNS($C$6:D32)+18,0) -> #VALUE! | E32: =VLOOKUP($B32,DADOS_ABBUD[],COLUMNS($C$6:D32)+10,FALSE) -> 20
B33: ='LEG ESTUDO DE MASSAS'!$B34 -> PAUT | C33: =VLOOKUP($B33,DADOS_ABBUD[],COLUMNS($C$5:C32)+2,0) -> Pandanus utilis | D33: =VLOOKUP($B33,DADOS_ABBUD[],COLUMNS($C$6:D33)+18,0) -> #VALUE! | E33: 200
B34: THBI | C34: =VLOOKUP($B34,DADOS_ABBUD[],COLUMNS($C$5:C33)+2,0) -> Thaumatophyllum bipinnatifidum (Philodendron bipinnatifidum) | D34: =VLOOKUP($B34,DADOS_ABBUD[],COLUMNS($C$6:D34)+18,0) -> #VALUE! | E34: =VLOOKUP($B34,DADOS_ABBUD[],COLUMNS($C$6:D34)+10,FALSE) -> 0
B35: ='LEG ESTUDO DE MASSAS'!$B36 -> PESE VD | C35: =VLOOKUP($B35,DADOS_ABBUD[],COLUMNS($C$5:C34)+2,0) -> Pennisetum setaceum | D35: =VLOOKUP($B35,DADOS_ABBUD[],COLUMNS($C$6:D35)+18,0) -> #VALUE! | E35: =VLOOKUP($B35,DADOS_ABBUD[],COLUMNS($C$6:D35)+10,FALSE) -> 40
B36: ='LEG ESTUDO DE MASSAS'!$B37 -> PHRN | C36: =VLOOKUP($B36,DADOS_ABBUD[],COLUMNS($C$5:C35)+2,0) -> Philodendron renauxii | D36: =VLOOKUP($B36,DADOS_ABBUD[],COLUMNS($C$6:D36)+18,0) -> #VALUE! | E36: =VLOOKUP($B36,DADOS_ABBUD[],COLUMNS($C$6:D36)+10,FALSE) -> 100
B37: ='LEG ESTUDO DE MASSAS'!$B38 -> PLRU | C37: =VLOOKUP($B37,DADOS_ABBUD[],COLUMNS($C$5:C36)+2,0) -> Plumeria rubra | D37: =VLOOKUP($B37,DADOS_ABBUD[],COLUMNS($C$6:D37)+18,0) -> #VALUE! | E37: =VLOOKUP($B37,DADOS_ABBUD[],COLUMNS($C$6:D37)+10,FALSE) -> 300
B38: ='LEG ESTUDO DE MASSAS'!$B39 -> PLSP | C38: =VLOOKUP($B38,DADOS_ABBUD[],COLUMNS($C$5:C37)+2,0) -> Plumeria speciosa | D38: =VLOOKUP($B38,DADOS_ABBUD[],COLUMNS($C$6:D38)+18,0) -> #VALUE! | E38: =VLOOKUP($B38,DADOS_ABBUD[],COLUMNS($C$6:D38)+10,FALSE) -> 300
B39: ='LEG ESTUDO DE MASSAS'!$B40 -> PTSC | C39: =VLOOKUP($B39,DADOS_ABBUD[],COLUMNS($C$5:C38)+2,0) -> Ptychosperma schefferi | D39: =VLOOKUP($B39,DADOS_ABBUD[],COLUMNS($C$6:D39)+18,0) -> #VALUE! | E39: =VLOOKUP($B39,DADOS_ABBUD[],COLUMNS($C$6:D39)+10,FALSE) -> 0
B40: ='LEG ESTUDO DE MASSAS'!$B41 -> SPTR | C40: =VLOOKUP($B40,DADOS_ABBUD[],COLUMNS($C$5:C39)+2,0) -> Sphagneticola trilobata(Wedelia paludaris) | D40: =VLOOKUP($B40,DADOS_ABBUD[],COLUMNS($C$6:D40)+18,0) -> #VALUE! | E40: =VLOOKUP($B40,DADOS_ABBUD[],COLUMNS($C$6:D40)+10,FALSE) -> 0
B41: ='LEG ESTUDO DE MASSAS'!$B42 -> STRE | C41: =VLOOKUP($B41,DADOS_ABBUD[],COLUMNS($C$5:C40)+2,0) -> Strelitzia reginae | D41: =VLOOKUP($B41,DADOS_ABBUD[],COLUMNS($C$6:D41)+18,0) -> #VALUE! | E41: =VLOOKUP($B41,DADOS_ABBUD[],COLUMNS($C$6:D41)+10,FALSE) -> 80
B42: ='LEG ESTUDO DE MASSAS'!$B43 -> THBI | C42: =VLOOKUP($B42,DADOS_ABBUD[],COLUMNS($C$5:C41)+2,0) -> Thaumatophyllum bipinnatifidum (Philodendron bipinnatifidum) | D42: =VLOOKUP($B42,DADOS_ABBUD[],COLUMNS($C$6:D42)+18,0) -> #VALUE! | E42: =VLOOKUP($B42,DADOS_ABBUD[],COLUMNS($C$6:D42)+10,FALSE) -> 0
B43: PHRN | C43: =VLOOKUP($B43,DADOS_ABBUD[],COLUMNS($C$5:C42)+2,0) -> Philodendron renauxii | D43: =VLOOKUP($B43,DADOS_ABBUD[],COLUMNS($C$6:D43)+18,0) -> #VALUE! | E43: =VLOOKUP($B43,DADOS_ABBUD[],COLUMNS($C$6:D43)+10,FALSE) -> 100
B44: MEER | C44: =VLOOKUP($B44,DADOS_ABBUD[],COLUMNS($C$5:C43)+2,0) -> Megaskepasma erythrochlamys | D44: =VLOOKUP($B44,DADOS_ABBUD[],COLUMNS($C$6:D44)+18,0) -> #VALUE! | E44: =VLOOKUP($B44,DADOS_ABBUD[],COLUMNS($C$6:D44)+10,FALSE) -> 120

Sheet uso interno PLANILHA
A1: LEGENDA DE ESPÉCIES 03/2026 | E1: 46098 | W1: SENHA DESBLOQUEIO
A2: ÁRVORES/ 1. PALMEIRAS/ 5. ARBUSTOS/ FORRAÇÕES | W2: em verde novas
A3: COD | B3: TIPO | C3: NOME CIENTIFICO | D3: NOME POPULAR | E3: COR | F3: Coluna1 | G3: ORIGEM | H3: INSOLAÇÃO | I3: COMPORTAMENTO | J3: TOXIDADE | K3: FLORESCE | L3: PORTE cm | M3: copa(m) | N3: Perfume | O3: SOLO | P3: TOLERÂNCIA | Q3: OCORRÊNCIA | R3: COD ANTIGO | S3: CARACTERÍSTICAS | T3: FOTO | U3: BABBUD UTILIZA | V3: PORTE ADULTO
A4: ACWR | B4: 1. PALMEIRA | C4: Acoelorraphe wrightii | D4: Palmeira paorotis | G4: nativa | L4: 300 | R4: =DADOS_ABBUD[[#This Row],[COD]] -> ACWR | T4: =_xlfn.XLOOKUP(DADOS_ABBUD[[#This Row],[COD]],'uso interno FOTOS'!A:A,'uso interno FOTOS'!B:B) -> #N/A | U4: 3 | V4: 0,2-0,4
A5: ACAC | B5: 1. PALMEIRA | C5: Acrocomia aculeata | D5: Macaúba | G5: nativa | L5: 300 | R5: =DADOS_ABBUD[[#This Row],[COD]] -> ACAC | T5: =_xlfn.XLOOKUP(DADOS_ABBUD[[#This Row],[COD]],'uso interno FOTOS'!A:A,'uso interno FOTOS'!B:B) -> #VALUE! | U5: 1
A6: AIHO | B6: 1. PALMEIRA | C6: Aiphanes horrida (Aiphanes aculeata) | D6: Caryota de espinho | G6: nativa | R6: AIAC | T6: =_xlfn.XLOOKUP(DADOS_ABBUD[[#This Row],[COD]],'uso interno FOTOS'!A:A,'uso interno FOTOS'!B:B) -> #N/A | U6: 2
A7: ALAR | B7: 1. PALMEIRA | C7: Allagoptera arenaria | D7: Caxandó | G7: nativa | L7: 200 | R7: =DADOS_ABBUD[[#This Row],[COD]] -> ALAR | T7: =_xlfn.XLOOKUP(DADOS_ABBUD[[#This Row],[COD]],'uso interno FOTOS'!A:A,'uso interno FOTOS'!B:B) -> #N/A | U7: 3 | V7: 3-4
A8: ALBR | B8: 1. PALMEIRA | C8: Allagoptera brevicalyx | D8: Pissandó | G8: nativa | L8: 200 | R8: =DADOS_ABBUD[[#This Row],[COD]] -> ALBR | T8: =_xlfn.XLOOKUP(DADOS_ABBUD[[#This Row],[COD]],'uso interno FOTOS'!A:A,'uso interno FOTOS'!B:B) -> #N/A | U8: 3 | V8: 3-6
A9: ALCD | B9: 1. PALMEIRA | C9: Allagoptera caudescens (Polyandrococos caudescens) | D9: Buri | G9: nativa | R9: POCC | T9: =_xlfn.XLOOKUP(DADOS_ABBUD[[#This Row],[COD]],'uso interno FOTOS'!A:A,'uso interno FOTOS'!B:B) -> #N/A | U9: 3 | V9: 3-6
A10: ARCA | B10: 1. PALMEIRA | C10: Areca cathechu | D10: Areca-betel | G10: exótica adaptada | L10: 300 | R10: =DADOS_ABBUD[[#This Row],[COD]] -> ARCA | T10: =_xlfn.XLOOKUP(DADOS_ABBUD[[#This Row],[COD]],'uso interno FOTOS'!A:A,'uso interno FOTOS'!B:B) -> #N/A | U10: 3
A11: ARTR | B11: 1. PALMEIRA | C11: Areca triandra | D11: Areca triandra | G11: exótica adaptada | H11: sombra | L11: 200 | R11: =DADOS_ABBUD[[#This Row],[COD]] -> ARTR | T11: =_xlfn.XLOOKUP(DADOS_ABBUD[[#This Row],[COD]],'uso interno FOTOS'!A:A,'uso interno FOTOS'!B:B) -> #VALUE! | U11: 1
A12: ARVE | B12: 1. PALMEIRA | C12: Areca vestiaria | D12: Areca dourada | G12: exótica adaptada | H12: sol | L12: 350 | R12: =DADOS_ABBUD[[#This Row],[COD]] -> ARVE | T12: =_xlfn.XLOOKUP(DADOS_ABBUD[[#This Row],[COD]],'uso interno FOTOS'!A:A,'uso interno FOTOS'!B:B) -> #VALUE! | U12: 1
A13: ASAC | B13: 1. PALMEIRA | C13: Astrocaryum aculeatum | D13: Tucumã | G13: nativa | L13: 100 | R13: =DADOS_ABBUD[[#This Row],[COD]] -> ASAC | T13: =_xlfn.XLOOKUP(DADOS_ABBUD[[#This Row],[COD]],'uso interno FOTOS'!A:A,'uso interno FOTOS'!B:B) -> #N/A | U13: 2
A14: ATDU | B14: 1. PALMEIRA | C14: Attalea dubia | D14: Coqueiro idaiá | G14: nativa | L14: 300 | R14: =DADOS_ABBUD[[#This Row],[COD]] -> ATDU | T14: =_xlfn.XLOOKUP(DADOS_ABBUD[[#This Row],[COD]],'uso interno FOTOS'!A:A,'uso interno FOTOS'!B:B) -> #N/A | U14: 3
A15: ATEX | B15: 1. PALMEIRA | C15: Attalea exigua | D15: Coco-catolé | E15: VERMELHO | G15: nativa | L15: 150 | R15: =DADOS_ABBUD[[#This Row],[COD]] -> ATEX | T15: =_xlfn.XLOOKUP(DADOS_ABBUD[[#This Row],[COD]],'uso interno FOTOS'!A:A,'uso interno FOTOS'!B:B) -> #N/A | U15: 3
A16: ATSP | B16: 1. PALMEIRA | C16: Attalea speciosa | D16: Babaçu | G16: nativa | L16: 300 | R16: =DADOS_ABBUD[[#This Row],[COD]] -> ATSP | T16: =_xlfn.XLOOKUP(DADOS_ABBUD[[#This Row],[COD]],'uso interno FOTOS'!A:A,'uso interno FOTOS'!B:B) -> #N/A | U16: 3
A17: BAGA | B17: 1. PALMEIRA | C17: Bactris gasipaes | D17: Pupunha | G17: nativa | H17: sol | L17: 300 | R17: =DADOS_ABBUD[[#This Row],[COD]] -> BAGA | T17: =_xlfn.XLOOKUP(DADOS_ABBUD[[#This Row],[COD]],'uso interno FOTOS'!A:A,'uso interno FOTOS'!B:B) -> #N/A | U17: 1
A18: BINO | B18: 1. PALMEIRA | C18: Bismarckia nobilis | D18: palmeira azul | G18: exótica adaptada | H18: sol | R18: =DADOS_ABBUD[[#This Row],[COD]] -> BINO | T18: =_xlfn.XLOOKUP(DADOS_ABBUD[[#This Row],[COD]],'uso interno FOTOS'!A:A,'uso interno FOTOS'!B:B) -> #VALUE! | U18: 1
A19: BUCA | B19: 1. PALMEIRA | C19: Butia capitata | D19: Butia | G19: nativa | H19: sol | L19: 300 | R19: =DADOS_ABBUD[[#This Row],[COD]] -> BUCA | T19: =_xlfn.XLOOKUP(DADOS_ABBUD[[#This Row],[COD]],'uso interno FOTOS'!A:A,'uso interno FOTOS'!B:B) -> #VALUE! | U19: 1
A20: CAAC | B20: 1. PALMEIRA | C20: Carpentaria acuminata | D20: Carpentaria | G20: exótica adaptada | H20: sol | R20: =DADOS_ABBUD[[#This Row],[COD]] -> CAAC | T20: =_xlfn.XLOOKUP(DADOS_ABBUD[[#This Row],[COD]],'uso interno FOTOS'!A:A,'uso interno FOTOS'!B:B) -> #VALUE! | U20: 1
A21: CAMI | B21: 1. PALMEIRA | C21: Caryota mitis | D21: palmeira rabo de peixe | G21: exótica adaptada | H21: sol/ meia sombra | L21: 300 | R21: =DADOS_ABBUD[[#This Row],[COD]] -> CAMI | T21: =_xlfn.XLOOKUP(DADOS_ABBUD[[#This Row],[COD]],'uso interno FOTOS'!A:A,'uso interno FOTOS'!B:B) -> #N/A | U21: 2
A22: CAUR | B22: 1. PALMEIRA | C22: Caryota urens | D22: Cariota | G22: exótica adaptada | L22: 300 | R22: =DADOS_ABBUD[[#This Row],[COD]] -> CAUR | T22: =_xlfn.XLOOKUP(DADOS_ABBUD[[#This Row],[COD]],'uso interno FOTOS'!A:A,'uso interno FOTOS'!B:B) -> #N/A | U22: 3
A23: CHEL | B23: 1. PALMEIRA | C23: Chamaedorea elegans | D23: Chamaedorea elegante | G23: exótica adaptada | H23: sombra | L23: 180 | R23: =DADOS_ABBUD[[#This Row],[COD]] -> CHEL | T23: =_xlfn.XLOOKUP(DADOS_ABBUD[[#This Row],[COD]],'uso interno FOTOS'!A:A,'uso interno FOTOS'!B:B) -> #VALUE! | U23: 1
A24: CHMI | B24: 1. PALMEIRA | C24: Chamaedorea microspadix | D24: Palmeirinha bambu | G24: exótica adaptada | L24: 150 | R24: =DADOS_ABBUD[[#This Row],[COD]] -> CHMI | T24: =_xlfn.XLOOKUP(DADOS_ABBUD[[#This Row],[COD]],'uso interno FOTOS'!A:A,'uso interno FOTOS'!B:B) -> #VALUE! | U24: 3
A25: CHST | B25: 1. PALMEIRA | C25: Chamaedorea stolonifera | D25: Chamaedorea stolonifera | G25: exótica adaptada | L25: 100 | R25: =DADOS_ABBUD[[#This Row],[COD]] -> CHST | T25: =_xlfn.XLOOKUP(DADOS_ABBUD[[#This Row],[COD]],'uso interno FOTOS'!A:A,'uso interno FOTOS'!B:B) -> #VALUE! | U25: 3
A26: CHTE | B26: 1. PALMEIRA | C26: Chamaedorea tepejilote | D26: Camaedorea pacaia | G26: exótica adaptada | L26: 200 | R26: =DADOS_ABBUD[[#This Row],[COD]] -> CHTE | T26: =_xlfn.XLOOKUP(DADOS_ABBUD[[#This Row],[COD]],'uso interno FOTOS'!A:A,'uso interno FOTOS'!B:B) -> #VALUE! | U26: 3
A27: CHHU | B27: 1. PALMEIRA | C27: Chamaerops humilis | D27: palmeira do mediterrâneo | G27: exótica adaptada | L27: 180 | R27: =DADOS_ABBUD[[#This Row],[COD]] -> CHHU | T27: =_xlfn.XLOOKUP(DADOS_ABBUD[[#This Row],[COD]],'uso interno FOTOS'!A:A,'uso interno FOTOS'!B:B) -> #N/A | U27: 2
A28: CONU | B28: 1. PALMEIRA | C28: Cocus nucifera | D28: Coco da Bahia | G28: exótica adaptada | H28: sol | L28: 300 | R28: =DADOS_ABBUD[[#This Row],[COD]] -> CONU | T28: =_xlfn.XLOOKUP(DADOS_ABBUD[[#This Row],[COD]],'uso interno FOTOS'!A:A,'uso interno FOTOS'!B:B) -> #VALUE! | U28: 1
A29: CONN | B29: 1. PALMEIRA | C29: Cocus nucifera nana | D29: Coco anao | G29: exótica adaptada | H29: sol | L29: 300 | R29: =DADOS_ABBUD[[#This Row],[COD]] -> CONN | T29: =_xlfn.XLOOKUP(DADOS_ABBUD[[#This Row],[COD]],'uso interno FOTOS'!A:A,'uso interno FOTOS'!B:B) -> #VALUE! | U29: 1
A30: COAL | B30: 1. PALMEIRA | C30: Copernicia alba | D30: Carandá | G30: nativa | H30: sol | R30: =DADOS_ABBUD[[#This Row],[COD]] -> COAL | T30: =_xlfn.XLOOKUP(DADOS_ABBUD[[#This Row],[COD]],'uso interno FOTOS'!A:A,'uso interno FOTOS'!B:B) -> #VALUE! | U30: 2
A31: COPR | B31: 1. PALMEIRA | C31: Copernicia prunifera | D31: Carnauba | G31: nativa | H31: sol | R31: =DADOS_ABBUD[[#This Row],[COD]] -> COPR | T31: =_xlfn.XLOOKUP(DADOS_ABBUD[[#This Row],[COD]],'uso interno FOTOS'!A:A,'uso interno FOTOS'!B:B) -> #VALUE! | U31: 1
A32: CYTA | B32: 1. PALMEIRA | C32: Cycas taitungensis | D32: Sagu do imperador | G32: exótica adaptada | R32: =DADOS_ABBUD[[#This Row],[COD]] -> CYTA | T32: =_xlfn.XLOOKUP(DADOS_ABBUD[[#This Row],[COD]],'uso interno FOTOS'!A:A,'uso interno FOTOS'!B:B) -> #N/A | U32: 3
A33: CYRB | B33: 1. PALMEIRA | C33: Cyrtostachys renda Blume( Cyrtostachys lakka) | D33: palmeira laka | G33: exótica adaptada | H33: sol/ meia sombra | R33: CYLA | T33: =_xlfn.XLOOKUP(DADOS_ABBUD[[#This Row],[COD]],'uso interno FOTOS'!A:A,'uso interno FOTOS'!B:B) -> #VALUE! | U33: 2
A34: DIAL | B34: 1. PALMEIRA | C34: Dictyosperma album | D34: palmeira princesa | G34: exótica adaptada | H34: sol | L34: 300 | R34: =DADOS_ABBUD[[#This Row],[COD]] -> DIAL | T34: =_xlfn.XLOOKUP(DADOS_ABBUD[[#This Row],[COD]],'uso interno FOTOS'!A:A,'uso interno FOTOS'!B:B) -> #VALUE! | U34: 2
A35: DYDE | B35: 1. PALMEIRA | C35: Dypsis decaryi (Neodypsis decaryi) | D35: Neodypsis | G35: exótica adaptada | H35: sol | M35: 3-6 | O35: arenoso, salinos | P35: maresias, não tolera frio | Q35: Madagascar, savanas, altitudes 80-600m | R35: NEDE | S35: difundida em SP e RJ, frutos comestiveis | T35: =_xlfn.XLOOKUP(DADOS_ABBUD[[#This Row],[COD]],'uso interno FOTOS'!A:A,'uso interno FOTOS'!B:B) -> #VALUE! | U35: 1 | V35: 5-8
A36: DYLE | B36: 1. PALMEIRA | C36: Dypsis leptocheilos | D36: Palmeira do pescoço marrom | G36: exótica adaptada | L36: 300 | R36: =DADOS_ABBUD[[#This Row],[COD]] -> DYLE | T36: =_xlfn.XLOOKUP(DADOS_ABBUD[[#This Row],[COD]],'uso interno FOTOS'!A:A,'uso interno FOTOS'!B:B) -> #VALUE! | U36: 3
A37: DYLU | B37: 1. PALMEIRA | C37: Dypsis lutescens (Chrysalidocarpus lutescens LU) | D37: Areca c/ folhas embaixo | G37: exótica adaptada | H37: sol | L37: 150 | R37: CHLU | T37: =_xlfn.XLOOKUP(DADOS_ABBUD[[#This Row],[COD]],'uso interno FOTOS'!A:A,'uso interno FOTOS'!B:B) -> #VALUE! | U37: 1
A38: DYLL | B38: 1. PALMEIRA | C38: Dypsis lutescens (Chrysalidocarpus lutescens LL) | D38: Areca s/ folhas embaixo | G38: exótica adaptada | H38: sol | L38: 150 | R38: CHLL | T38: =_xlfn.XLOOKUP(DADOS_ABBUD[[#This Row],[COD]],'uso interno FOTOS'!A:A,'uso interno FOTOS'!B:B) -> #VALUE! | U38: 1
A39: DYMA | B39: 1. PALMEIRA | C39: Dypsis madagascariensis | D39: Areca de locuba | G39: exótica adaptada | H39: sol | L39: 300 | R39: =DADOS_ABBUD[[#This Row],[COD]] -> DYMA | T39: =_xlfn.XLOOKUP(DADOS_ABBUD[[#This Row],[COD]],'uso interno FOTOS'!A:A,'uso interno FOTOS'!B:B) -> #VALUE! | U39: 1
A40: ELOL | B40: 1. PALMEIRA | C40: Elaeis oleifera | D40: Dendê do pará | G40: nativa | L40: 300 | R40: =DADOS_ABBUD[[#This Row],[COD]] -> ELOL | T40: =_xlfn.XLOOKUP(DADOS_ABBUD[[#This Row],[COD]],'uso interno FOTOS'!A:A,'uso interno FOTOS'!B:B) -> #N/A | U40: 3
A41: EUED | B41: 1. PALMEIRA | C41: Euterpe edulis | D41: Palmito | G41: nativa | H41: sombra | L41: 300 | R41: =DADOS_ABBUD[[#This Row],[COD]] -> EUED | T41: =_xlfn.XLOOKUP(DADOS_ABBUD[[#This Row],[COD]],'uso interno FOTOS'!A:A,'uso interno FOTOS'!B:B) -> #VALUE! | U41: 1
A42: EUOL | B42: 1. PALMEIRA | C42: Euterpe oleracea | D42: Açaí | G42: nativa | H42: sol | L42: 250 | R42: =DADOS_ABBUD[[#This Row],[COD]] -> EUOL | T42: =_xlfn.XLOOKUP(DADOS_ABBUD[[#This Row],[COD]],'uso interno FOTOS'!A:A,'uso interno FOTOS'!B:B) -> #VALUE! | U42: 1
A43: HYLA | B43: 1. PALMEIRA | C43: Hyophorbe lagenicaulis | D43: palmeira garrafa | G43: exótica adaptada | H43: sol | L43: 300 | R43: =DADOS_ABBUD[[#This Row],[COD]] -> HYLA | T43: =_xlfn.XLOOKUP(DADOS_ABBUD[[#This Row],[COD]],'uso interno FOTOS'!A:A,'uso interno FOTOS'!B:B) -> #VALUE! | U43: 1
A44: HYVE | B44: 1. PALMEIRA | C44: Hyophorbe verschaffeltii | D44: palmeira fuso | G44: exótica adaptada | H44: sol | R44: =DADOS_ABBUD[[#This Row],[COD]] -> HYVE | T44: =_xlfn.XLOOKUP(DADOS_ABBUD[[#This Row],[COD]],'uso interno FOTOS'!A:A,'uso interno FOTOS'!B:B) -> #VALUE! | U44: 1
A45: LALA | B45: 1. PALMEIRA | C45: Latania loddigesii | D45: Latânia-azulada | G45: exótica adaptada | L45: 300 | R45: =DADOS_ABBUD[[#This Row],[COD]] -> LALA | T45: =_xlfn.XLOOKUP(DADOS_ABBUD[[#This Row],[COD]],'uso interno FOTOS'!A:A,'uso interno FOTOS'!B:B) -> #N/A | U45: 3
A46: LALO | B46: 1. PALMEIRA | C46: Latania lontaroides (Latania borbonica) | D46: Latania | G46: exótica adaptada | H46: sol | M46: 5 | O46: boa drenagem | P46: frio dos subtropicos | Q46: Ilhas Mascarenas de Reúnion | R46: LABB | S46: qunado jovem e a pleno sol apresneta coloração vermelha no pecíolo | T46: =_xlfn.XLOOKUP(DADOS_ABBUD[[#This Row],[COD]],'uso interno FOTOS'!A:A,'uso interno FOTOS'!B:B) -> #N/A | U46: 1 | V46: 10-20
A47: LIGR | B47: 1. PALMEIRA | C47: Licuala grandis | D47: Licuala | G47: exótica adaptada | H47: sombra | L47: 150 | R47: =DADOS_ABBUD[[#This Row],[COD]] -> LIGR | T47: =_xlfn.XLOOKUP(DADOS_ABBUD[[#This Row],[COD]],'uso interno FOTOS'!A:A,'uso interno FOTOS'!B:B) -> #VALUE! | U47: 1
A48: LISP | B48: 1. PALMEIRA | C48: Licuala spinosa | D48: Licuala touceira | G48: exótica adaptada | H48: sombra | L48: 50 | R48: =DADOS_ABBUD[[#This Row],[COD]] -> LISP | T48: =_xlfn.XLOOKUP(DADOS_ABBUD[[#This Row],[COD]],'uso interno FOTOS'!A:A,'uso interno FOTOS'!B:B) -> #N/A | U48: 1
A49: LICI | B49: 1. PALMEIRA | C49: Livistona chinensis | D49: Falsa latânia | G49: exótica adaptada | H49: sol | L49: 300 | R49: =DADOS_ABBUD[[#This Row],[COD]] -> LICI | T49: =_xlfn.XLOOKUP(DADOS_ABBUD[[#This Row],[COD]],'uso interno FOTOS'!A:A,'uso interno FOTOS'!B:B) -> #N/A | U49: 1
A50: LYWE | B50: 1. PALMEIRA | C50: Lytocaryum weddellianum | D50: Palmeirinha de petrópolis | G50: nativa | L50: 150 | R50: =DADOS_ABBUD[[#This Row],[COD]] -> LYWE | T50: =_xlfn.XLOOKUP(DADOS_ABBUD[[#This Row],[COD]],'uso interno FOTOS'!A:A,'uso interno FOTOS'!B:B) -> #N/A | U50: 3
A51: MAFL | B51: 1. PALMEIRA | C51: Mauritia flexuosa | D51: Buritirana | G51: nativa | H51: sol | L51: 300 | R51: =DADOS_ABBUD[[#This Row],[COD]] -> MAFL | T51: =_xlfn.XLOOKUP(DADOS_ABBUD[[#This Row],[COD]],'uso interno FOTOS'!A:A,'uso interno FOTOS'!B:B) -> #N/A | U51: 1
A52: MAAM | B52: 1. PALMEIRA | C52: Mauritiella armata | D52: Buriti mirim | G52: nativa | H52: sol | L52: 300 | R52: MAAR | T52: =_xlfn.XLOOKUP(DADOS_ABBUD[[#This Row],[COD]],'uso interno FOTOS'!A:A,'uso interno FOTOS'!B:B) -> #N/A | U52: 2
A53: OEBA | B53: 1. PALMEIRA | C53: Oenocarpus bacaba | D53: Bacaba | G53: nativa | L53: 300 | R53: =DADOS_ABBUD[[#This Row],[COD]] -> OEBA | T53: =_xlfn.XLOOKUP(DADOS_ABBUD[[#This Row],[COD]],'uso interno FOTOS'!A:A,'uso interno FOTOS'!B:B) -> #N/A | U53: 3
A54: PHDA | B54: 1. PALMEIRA | C54: Phoenix dactylifera | D54: Tamareira | G54: exótica adaptada | H54: sol | L54: 300 | R54: =DADOS_ABBUD[[#This Row],[COD]] -> PHDA | T54: =_xlfn.XLOOKUP(DADOS_ABBUD[[#This Row],[COD]],'uso interno FOTOS'!A:A,'uso interno FOTOS'!B:B) -> #VALUE! | U54: 1
A55: PHRO | B55: 1. PALMEIRA | C55: Phoenix roebelinii | D55: Tamareira anã | G55: exótica adaptada | H55: sol/ meia sombra | L55: 150 | P55: tolera frio subtropical, região costeira | Q55: NE Índia, Laos | R55: =DADOS_ABBUD[[#This Row],[COD]] -> PHRO | T55: =_xlfn.XLOOKUP(DADOS_ABBUD[[#This Row],[COD]],'uso interno FOTOS'!A:A,'uso interno FOTOS'!B:B) -> #VALUE! | U55: 1 | V55: 3-4
A56: PHRU | B56: 1. PALMEIRA | C56: Phoenix rupicola | D56: Tamareira do rochedo | G56: exótica adaptada | H56: sol | L56: 200 | R56: =DADOS_ABBUD[[#This Row],[COD]] -> PHRU | T56: =_xlfn.XLOOKUP(DADOS_ABBUD[[#This Row],[COD]],'uso interno FOTOS'!A:A,'uso interno FOTOS'!B:B) -> #N/A | U56: 2
A57: PHSY | B57: 1. PALMEIRA | C57: Phoenix sylvestris robusta | D57: Tamareira silvestre | G57: exótica adaptada | H57: sol | R57: =DADOS_ABBUD[[#This Row],[COD]] -> PHSY | T57: =_xlfn.XLOOKUP(DADOS_ABBUD[[#This Row],[COD]],'uso interno FOTOS'!A:A,'uso interno FOTOS'!B:B) -> #N/A | U57: 1
A58: PICR | B58: 1. PALMEIRA | C58: Pinanga coronata | D58: Pinanga de coroa | G58: exótica adaptada | H58: sombra | L58: 300 | R58: =DADOS_ABBUD[[#This Row],[COD]] -> PICR | T58: =_xlfn.XLOOKUP(DADOS_ABBUD[[#This Row],[COD]],'uso interno FOTOS'!A:A,'uso interno FOTOS'!B:B) -> #N/A | U58: 1
A59: PIKU | B59: 1. PALMEIRA | C59: Pinanga kuhlii | D59: Pinanga | G59: exótica adaptada | H59: sombra | L59: 250 | R59: =DADOS_ABBUD[[#This Row],[COD]] -> PIKU | T59: =_xlfn.XLOOKUP(DADOS_ABBUD[[#This Row],[COD]],'uso interno FOTOS'!A:A,'uso interno FOTOS'!B:B) -> #VALUE! | U59: 1
A60: PRPA | B60: 1. PALMEIRA | C60: Pritchardia pacifica | D60: Pritchardia | G60: exótica adaptada | H60: sol | L60: 100 | R60: =DADOS_ABBUD[[#This Row],[COD]] -> PRPA | T60: =_xlfn.XLOOKUP(DADOS_ABBUD[[#This Row],[COD]],'uso interno FOTOS'!A:A,'uso interno FOTOS'!B:B) -> #VALUE! | U60: 1
A61: PTEL | B61: 1. PALMEIRA | C61: Ptychosperma elegans | D61: palmeira solitária | G61: exótica adaptada | H61: meia sombra | L61: 300 | R61: =DADOS_ABBUD[[#This Row],[COD]] -> PTEL | T61: =_xlfn.XLOOKUP(DADOS_ABBUD[[#This Row],[COD]],'uso interno FOTOS'!A:A,'uso interno FOTOS'!B:B) -> #VALUE! | U61: 1
A62: PTRU | B62: 1. PALMEIRA | C62: Ptychosperma elegans rubra | D62: palmeira solitária rubra | G62: exótica adaptada | H62: meia sombra | L62: 300 | R62: =DADOS_ABBUD[[#This Row],[COD]] -> PTRU | T62: =_xlfn.XLOOKUP(DADOS_ABBUD[[#This Row],[COD]],'uso interno FOTOS'!A:A,'uso interno FOTOS'!B:B) -> #N/A | U62: 2
A63: PTMA | B63: 1. PALMEIRA | C63: Ptychosperma macarthurii | D63: palmeira de macarthur | G63: exótica adaptada | H63: sol/ meia sombra | L63: 150 | P63: tolera geadas | Q63: Nova Guiné, NE Australia | R63: =DADOS_ABBUD[[#This Row],[COD]] -> PTMA | S63: frutos de cor vermelha, caules geralmente multiplos, hibridiza-se com facilidade, maior cultivo no SE | T63: =_xlfn.XLOOKUP(DADOS_ABBUD[[#This Row],[COD]],'uso interno FOTOS'!A:A,'uso interno FOTOS'!B:B) -> #VALUE! | U63: 1 | V63: até 2m
A64: PTSC | B64: 1. PALMEIRA | C64: Ptychosperma schefferi | D64: palmeira schefferi | G64: nativa | H64: sol | R64: =DADOS_ABBUD[[#This Row],[COD]] -> PTSC | T64: =_xlfn.XLOOKUP(DADOS_ABBUD[[#This Row],[COD]],'uso interno FOTOS'!A:A,'uso interno FOTOS'!B:B) -> #VALUE! | U64: 1
A65: RHEX | B65: 1. PALMEIRA | C65: Rhapis excelsa | D65: Rafis | G65: exótica adaptada | H65: meia sombra/sombra | L65: 200 | R65: =DADOS_ABBUD[[#This Row],[COD]] -> RHEX | T65: =_xlfn.XLOOKUP(DADOS_ABBUD[[#This Row],[COD]],'uso interno FOTOS'!A:A,'uso interno FOTOS'!B:B) -> #VALUE! | U65: 1
A66: ROOL | B66: 1. PALMEIRA | C66: Roystonea oleracea | D66: palmeira imperial | G66: exótica adaptada | H66: sol | L66: 400 | R66: =DADOS_ABBUD[[#This Row],[COD]] -> ROOL | T66: =_xlfn.XLOOKUP(DADOS_ABBUD[[#This Row],[COD]],'uso interno FOTOS'!A:A,'uso interno FOTOS'!B:B) -> #VALUE! | U66: 1
A67: RORE | B67: 1. PALMEIRA | C67: Roystonea regia | D67: palmeira real | G67: exótica adaptada | H67: sol | L67: 300 | R67: =DADOS_ABBUD[[#This Row],[COD]] -> RORE | T67: =_xlfn.XLOOKUP(DADOS_ABBUD[[#This Row],[COD]],'uso interno FOTOS'!A:A,'uso interno FOTOS'!B:B) -> #N/A | U67: 1
A68: SEEL | B68: 1. PALMEIRA | C68: Seaforthia elegans | D68: Seafortia | G68: exótica adaptada | H68: sol | L68: 300 | R68: =DADOS_ABBUD[[#This Row],[COD]] -> SEEL | T68: =_xlfn.XLOOKUP(DADOS_ABBUD[[#This Row],[COD]],'uso interno FOTOS'!A:A,'uso interno FOTOS'!B:B) -> #N/A | U68: 1
A69: SOEX | B69: 1. PALMEIRA | C69: Socratea exorrhiza (Iriartea exorrhiza) | D69: Paxiúba | G69: nativa | R69: IREX | T69: =_xlfn.XLOOKUP(DADOS_ABBUD[[#This Row],[COD]],'uso interno FOTOS'!A:A,'uso interno FOTOS'!B:B) -> #N/A | U69: 3
A70: SYBO | B70: 1. PALMEIRA | C70: Syagrus botryophora | D70: Patioba | G70: nativa | H70: sol | L70: 300 | R70: =DADOS_ABBUD[[#This Row],[COD]] -> SYBO | T70: =_xlfn.XLOOKUP(DADOS_ABBUD[[#This Row],[COD]],'uso interno FOTOS'!A:A,'uso interno FOTOS'!B:B) -> #N/A | U70: 2
A71: SYCO | B71: 1. PALMEIRA | C71: Syagrus comosa | D71: Catolé | G71: nativa | H71: sol | L71: 100 | R71: =DADOS_ABBUD[[#This Row],[COD]] -> SYCO | T71: =_xlfn.XLOOKUP(DADOS_ABBUD[[#This Row],[COD]],'uso interno FOTOS'!A:A,'uso interno FOTOS'!B:B) -> #N/A | U71: 2
A72: SYCR | B72: 1. PALMEIRA | C72: Syagrus coronata | D72: Licuri | G72: nativa | H72: sol | L72: 300 | R72: =DADOS_ABBUD[[#This Row],[COD]] -> SYCR | T72: =_xlfn.XLOOKUP(DADOS_ABBUD[[#This Row],[COD]],'uso interno FOTOS'!A:A,'uso interno FOTOS'!B:B) -> #N/A | U72: 2
A73: SYIN | B73: 1. PALMEIRA | C73: Syagrus inajai | D73: Pupunharana | G73: nativa | L73: 150 | R73: =DADOS_ABBUD[[#This Row],[COD]] -> SYIN | T73: =_xlfn.XLOOKUP(DADOS_ABBUD[[#This Row],[COD]],'uso interno FOTOS'!A:A,'uso interno FOTOS'!B:B) -> #N/A | U73: 3
A74: SYMC | B74: 1. PALMEIRA | C74: Syagrus macrocarpa | D74: Maria rosa | G74: nativa | H74: sol | L74: 200 | R74: =DADOS_ABBUD[[#This Row],[COD]] -> SYMC | T74: =_xlfn.XLOOKUP(DADOS_ABBUD[[#This Row],[COD]],'uso interno FOTOS'!A:A,'uso interno FOTOS'!B:B) -> #N/A | U74: 2
A75: SYOL | B75: 1. PALMEIRA | C75: Syagrus oleracea | D75: Guariroba | G75: nativa | H75: sol | L75: 300 | R75: =DADOS_ABBUD[[#This Row],[COD]] -> SYOL | T75: =_xlfn.XLOOKUP(DADOS_ABBUD[[#This Row],[COD]],'uso interno FOTOS'!A:A,'uso interno FOTOS'!B:B) -> #VALUE! | U75: 2
A76: SYPS | B76: 1. PALMEIRA | C76: Syagrus pseudococos | D76: Peririma | G76: nativa | L76: 200 | R76: =DADOS_ABBUD[[#This Row],[COD]] -> SYPS | T76: =_xlfn.XLOOKUP(DADOS_ABBUD[[#This Row],[COD]],'uso interno FOTOS'!A:A,'uso interno FOTOS'!B:B) -> #N/A | U76: 3
A77: SYRO | B77: 1. PALMEIRA | C77: Syagrus romanzoffiana | D77: Jeriva | G77: nativa | H77: sol | L77: 300 | Q77: Sul BA, MG, GO, MS, RS, PR, mata atlantica, Paraguai, Argentina, Uruguai | R77: =DADOS_ABBUD[[#This Row],[COD]] -> SYRO | S77: ornamental utiliziada no Sul | T77: =_xlfn.XLOOKUP(DADOS_ABBUD[[#This Row],[COD]],'uso interno FOTOS'!A:A,'uso interno FOTOS'!B:B) -> #VALUE! | U77: 1
A78: SYRU | B78: 1. PALMEIRA | C78: Syagrus ruschiana | D78: Coco da pedra | G78: nativa | L78: 150 | R78: =DADOS_ABBUD[[#This Row],[COD]] -> SYRU | T78: =_xlfn.XLOOKUP(DADOS_ABBUD[[#This Row],[COD]],'uso interno FOTOS'!A:A,'uso interno FOTOS'!B:B) -> #N/A | U78: 3
A79: SYSC | B79: 1. PALMEIRA | C79: Syagrus schizophylla | D79: Licuriroba | G79: nativa | H79: sol | L79: 150 | R79: =DADOS_ABBUD[[#This Row],[COD]] -> SYSC | T79: =_xlfn.XLOOKUP(DADOS_ABBUD[[#This Row],[COD]],'uso interno FOTOS'!A:A,'uso interno FOTOS'!B:B) -> #N/A | U79: 1
A80: SYWE | B80: 1. PALMEIRA | C80: Syagrus weddelliana (Lytocaryum weddellianum) | D80: Palm.de Petropolis | G80: nativa | R80: LYWE | T80: =_xlfn.XLOOKUP(DADOS_ABBUD[[#This Row],[COD]],'uso interno FOTOS'!A:A,'uso interno FOTOS'!B:B) -> #N/A | U80: 3
A81: TRFO | B81: 1. PALMEIRA | C81: Trachycarpus fortunei | D81: Trachicarpus | G81: exótica adaptada | H81: sol | L81: 250 | R81: =DADOS_ABBUD[[#This Row],[COD]] -> TRFO | T81: =_xlfn.XLOOKUP(DADOS_ABBUD[[#This Row],[COD]],'uso interno FOTOS'!A:A,'uso interno FOTOS'!B:B) -> #N/A | U81: 1
A82: TRBA | B82: 1. PALMEIRA | C82: Trithrinax brasiliensis | D82: Buriti | G82: nativa | H82: sol | R82: =DADOS_ABBUD[[#This Row],[COD]] -> TRBA | T82: =_xlfn.XLOOKUP(DADOS_ABBUD[[#This Row],[COD]],'uso interno FOTOS'!A:A,'uso interno FOTOS'!B:B) -> #N/A | U82: 1
A83: VEME | B83: 1. PALMEIRA | C83: Veitchia merrillii | D83: palmeira de manila | G83: exótica adaptada | H83: sol | L83: 250 | R83: =DADOS_ABBUD[[#This Row],[COD]] -> VEME | T83: =_xlfn.XLOOKUP(DADOS_ABBUD[[#This Row],[COD]],'uso interno FOTOS'!A:A,'uso interno FOTOS'!B:B) -> #VALUE! | U83: 1
A84: VEMO | B84: 1. PALMEIRA | C84: Veitchia montgomeryana | D84: palmeira veitia | G84: exótica adaptada | H84: sol | L84: 300 | R84: =DADOS_ABBUD[[#This Row],[COD]] -> VEMO | T84: =_xlfn.XLOOKUP(DADOS_ABBUD[[#This Row],[COD]],'uso interno FOTOS'!A:A,'uso interno FOTOS'!B:B) -> #N/A | U84: 1
A85: WAFI | B85: 1. PALMEIRA | C85: Washingtonia filifera | D85: Washingtonia de saia | G85: exótica adaptada | H85: sol | L85: 300 | R85: =DADOS_ABBUD[[#This Row],[COD]] -> WAFI | T85: =_xlfn.XLOOKUP(DADOS_ABBUD[[#This Row],[COD]],'uso interno FOTOS'!A:A,'uso interno FOTOS'!B:B) -> #N/A | U85: 1
A86: WARO | B86: 1. PALMEIRA | C86: Washingtonia robusta | D86: Washingtonia | G86: exótica adaptada | H86: sol | L86: 300 | R86: =DADOS_ABBUD[[#This Row],[COD]] -> WARO | T86: =_xlfn.XLOOKUP(DADOS_ABBUD[[#This Row],[COD]],'uso interno FOTOS'!A:A,'uso interno FOTOS'!B:B) -> #VALUE! | U86: 1
A87: WOBI | B87: 1. PALMEIRA | C87: Wodyetia bifurcata | D87: Rabo de raposa | G87: exótica adaptada | H87: sol | L87: 300 | M87: 5 | O87: bem drenado, argiloso, úmido | P87: sol direto a frio subtropical, seca | Q87: NE Austrália em savana | R87: =DADOS_ABBUD[[#This Row],[COD]] -> WOBI | S87: rápido crescimento, resistente à seca | T87: =_xlfn.XLOOKUP(DADOS_ABBUD[[#This Row],[COD]],'uso interno FOTOS'!A:A,'uso interno FOTOS'!B:B) -> #VALUE! | U87: 1
A88: ALTR | B88: 2. ARV NATIVA | C88: Alchornea triplinervia | D88: Tapi-guaçu | G88: nativa | L88: 300 | R88: =DADOS_ABBUD[[#This Row],[COD]] -> ALTR | T88: =_xlfn.XLOOKUP(DADOS_ABBUD[[#This Row],[COD]],'uso interno FOTOS'!A:A,'uso interno FOTOS'!B:B) -> #N/A | U88: 3
A89: AMCE | B89: 2. ARV NATIVA | C89: Amburana cearensis | D89: Amburana | G89: nativa | L89: 300 | R89: =DADOS_ABBUD[[#This Row],[COD]] -> AMCE | T89: =_xlfn.XLOOKUP(DADOS_ABBUD[[#This Row],[COD]],'uso interno FOTOS'!A:A,'uso interno FOTOS'!B:B) -> #N/A | U89: 3
A90: ANCL | B90: 2. ARV NATIVA | C90: Anadenanthera colubrina | D90: Angico branco | E90: AMARELO | G90: nativa | H90: sol | L90: 300 | R90: =DADOS_ABBUD[[#This Row],[COD]] -> ANCL | T90: =_xlfn.XLOOKUP(DADOS_ABBUD[[#This Row],[COD]],'uso interno FOTOS'!A:A,'uso interno FOTOS'!B:B) -> #VALUE! | U90: 2
A91: ANMA | B91: 2. ARV NATIVA | C91: Anadenanthera macrocarpa | D91: Angico vermelho | G91: nativa | H91: sol | L91: 300 | R91: =DADOS_ABBUD[[#This Row],[COD]] -> ANMA | T91: =_xlfn.XLOOKUP(DADOS_ABBUD[[#This Row],[COD]],'uso interno FOTOS'!A:A,'uso interno FOTOS'!B:B) -> 0 | U91: 1
A92: ANPE | B92: 2. ARV NATIVA | C92: Anadenanthera peregrina | D92: Angico-branco | G92: nativa | H92: sol | L92: 300 | R92: =DADOS_ABBUD[[#This Row],[COD]] -> ANPE | T92: =_xlfn.XLOOKUP(DADOS_ABBUD[[#This Row],[COD]],'uso interno FOTOS'!A:A,'uso interno FOTOS'!B:B) -> #N/A | U92: 2
A93: ANFA | B93: 2. ARV NATIVA | C93: Anadenanthera peregrina var. falcata (Anadenanthera falcata) | D93: Angico-do-cerrado | E93: ROXO | G93: nativa | H93: sol | R93: =DADOS_ABBUD[[#This Row],[COD]] -> ANFA | T93: =_xlfn.XLOOKUP(DADOS_ABBUD[[#This Row],[COD]],'uso interno FOTOS'!A:A,'uso interno FOTOS'!B:B) -> #N/A | U93: 2
A94: ANAT | B94: 2. ARV NATIVA | C94: Andira anthelmia | D94: Angelim do campo | E94: ROSA | G94: nativa | H94: sol | L94: 300 | R94: =DADOS_ABBUD[[#This Row],[COD]] -> ANAT | T94: =_xlfn.XLOOKUP(DADOS_ABBUD[[#This Row],[COD]],'uso interno FOTOS'!A:A,'uso interno FOTOS'!B:B) -> #VALUE! | U94: 2
A95: ANFR | B95: 2. ARV NATIVA | C95: Andira fraxinifolia | D95: Angelim doce | E95: ROSA | G95: nativa | H95: sol | L95: 300 | R95: =DADOS_ABBUD[[#This Row],[COD]] -> ANFR | T95: =_xlfn.XLOOKUP(DADOS_ABBUD[[#This Row],[COD]],'uso interno FOTOS'!A:A,'uso interno FOTOS'!B:B) -> #N/A | U95: 1
A96: ARAN | B96: 2. ARV NATIVA | C96: Araucaria angustifolia | D96: Pinhao | G96: nativa | H96: sol | L96: 300 | R96: =DADOS_ABBUD[[#This Row],[COD]] -> ARAN | T96: =_xlfn.XLOOKUP(DADOS_ABBUD[[#This Row],[COD]],'uso interno FOTOS'!A:A,'uso interno FOTOS'!B:B) -> #VALUE! | U96: 2
A97: ASPO | B97: 2. ARV NATIVA | C97: Aspidosperma polyneuron | D97: Peroba | G97: nativa | H97: sol | L97: 300 | R97: =DADOS_ABBUD[[#This Row],[COD]] -> ASPO | T97: =_xlfn.XLOOKUP(DADOS_ABBUD[[#This Row],[COD]],'uso interno FOTOS'!A:A,'uso interno FOTOS'!B:B) -> #VALUE! | U97: 2
A98: AUON | B98: 2. ARV NATIVA | C98: Auxemma oncocalyx | D98: Pau branco | E98: BRANCO | G98: nativa | L98: 300 | R98: =DADOS_ABBUD[[#This Row],[COD]] -> AUON | T98: =_xlfn.XLOOKUP(DADOS_ABBUD[[#This Row],[COD]],'uso interno FOTOS'!A:A,'uso interno FOTOS'!B:B) -> #N/A | U98: 3
A99: BARI | B99: 2. ARV NATIVA | C99: Balfourodendron riedelianum | D99: Pau marfim | G99: nativa | L99: 300 | R99: =DADOS_ABBUD[[#This Row],[COD]] -> BARI | T99: =_xlfn.XLOOKUP(DADOS_ABBUD[[#This Row],[COD]],'uso interno FOTOS'!A:A,'uso interno FOTOS'!B:B) -> #N/A | U99: 3
A100: BABR | B100: 2. ARV NATIVA | C100: Basiloxylon brasiliensis | D100: Pau rei | G100: nativa | L100: 300 | R100: =DADOS_ABBUD[[#This Row],[COD]] -> BABR | T100: =_xlfn.XLOOKUP(DADOS_ABBUD[[#This Row],[COD]],'uso interno FOTOS'!A:A,'uso interno FOTOS'!B:B) -> #N/A | U100: 3
...

Sheet uso interno FOTOS
D1: COD. ANTIGO | E1: COD. NOVO | F1: NOME | G1: NOME
A2: CÓDIGO | B2: FOTO | D2: wepa | E2: =_xlfn.XLOOKUP(D$2,'uso interno PLANILHA'!R:R,'uso interno PLANILHA'!A:A,0) -> SPTR | F2: =_xlfn.XLOOKUP(E$2,'uso interno PLANILHA'!A:A,'uso interno PLANILHA'!C:C,0) -> Sphagneticola trilobata(Wedelia paludaris) | G2: =_xlfn.XLOOKUP(E$2,'uso interno PLANILHA'!A:A,'uso interno PLANILHA'!D:D,0) -> Dorinha
A3: ABGR | B3: #VALUE! | D3: ]
A4: ABHY | B4: #VALUE!
A5: ABPI | B5: #VALUE!
A6: ACAC | B6: #VALUE!
A7: ACAU | B7: #VALUE!
A8: ACPA | B8: #VALUE!
A9: ACPD | B9: #VALUE!
A10: ACSE | B10: #VALUE!
A11: AGAF | B11: #VALUE!
A12: AGAM | B12: #VALUE!
A13: AGAN | B13: #VALUE!
A14: AGAT | B14: #VALUE!
A15: AGCO | B15: #VALUE!
... A43: ANLE | B43: #VALUE!
A44: ANMA
A45: ANMU | B45: #VALUE!
A46: ANOC | B46: #VALUE!
A47: ANPL | B47: #VALUE!
A48: ANSC | B48: #VALUE!
A49: ANSQ | B49: #VALUE!
A50: APCO | B50: #VALUE!
A51: APSQ | B51: #VALUE!
A52: ARAL | B52: #VALUE!
A53: ARAN | B53: #VALUE!
A54: ARBA | B54: #VALUE!
A55: AREI | B55: #VALUE!
A56: ARIN | B56: #VALUE!
... A153: CONN | B153: #VALUE!
A154: CONU | B154: #VALUE! | J154: S
A155: COPR | B155: #VALUE!
A156: COSE | B156: #VALUE!
A157: COSL | B157: #VALUE!
A158: COTB | B158: #VALUE!
A159: COTE | B159: #VALUE!
A160: COTO | B160: #VALUE!
A161: COTR | B161: #VALUE!
A162: COUV | B162: #VALUE!
A163: COVA | B163: #VALUE!
A164: CRAM | B164: #VALUE!
A165: CRBI | B165: #VALUE!
A166: CRBR | B166: #VALUE!
... A328: CESP | B328: #VALUE!

Sheet BASE
I2: PARA QUEM ESTIVER AJUSTANDO | L2: CONTROLE DE REVISÕES
B3: ORIGEM | D3: INSOLAÇÃO | F3: COMPORTAMENTO | I3: em azul nova nomenclatura, (nomes incorretos) | L3: DATA | M3: REVISÃO | N3: DESCRIÇÃO | O3: RESPONSÁVEL
B4: nativa | D4: sol | F4: ereta | I4: precisa eliminar duplicados forração, arbusto | L4: 45553 | M4: R0D | N4: emissão inical | O4: CHRISTINA | Q4: ERRO
B5: exótica adaptada | D5: meia sombra | F5: pendente | I5: roxo atualizado mtz | L5: 45579 | M5: R0E | N5: inserção de fotos e ajustes dados | O5: CHRISTINA | Q5: quando não aparece a foto é porque existe código duplicado
D6: sol/ meia sombra | F6: reptante | I6: VERMELHO - DÚVIDAS | L6: 45866 | M6: R0F | N6: inclusão de novas espécies e fotos | O6: CHRISTINA
D7: sombra | I7: novas espécies
D8: meia sombra/sombra
B11: BABBUD UTILIZA
A12: 1 | B12: 1 FREQUENTE
A13: 2 | B13: 2 ESPORÁDICO | I13: 1. PALMEIRA
A14: 3 | B14: 3 RARAMENTE | I14: 2. ARV NATIVA
I15: 3. ARV EXOT
I16: 4. ARV FRUT
I17: 5. ARBUSTO
I18: 6. FORRAÇÃO
I19: 7. AQUÁTICA
I20: 7. BROMÉLIA
I21: 7. CACTO
I22: 8. ACABAMEN

Sheet MTZ
A1: _NOME CIENTÍFICO | B1: _NOME POPULAR | C1: ORIGEM | D1: _SL | E1: _MS | F1: _SO | G1: _BR | H1: _PA | I1: _CO | J1: _ARB | K1: _FOR | L1: _TREP | M1: _EPF | N1: _PERF | O1: _ERET | P1: _PEND | Q1: _REPT | R1: _CLAR | S1: _MÉD | T1: _ESCU | U1: _COR | V1: _PRAT | W1: _VAR | X1: _IT | Y1: _SO | Z1: _MA | AA1: _DISP | AB1: _FORN | AC1: ALT(cm) | AD1: DIÂM(cm) | AE1: CARACTERÍSTICAS | AF1: IMPORT | AG1: SUBST
A2: Abelia grandiflora | B2: Abélia | C2: exótica | D2: x | G2: x | J2: x | O2: x | S2: x | X2: x | AA2: 2 | AC2: 100 | AD2: 100 | AE2: arbusto cheio | AF2: ** | AG2: insubstituível
A3: Abutilon megapotamicum | B3: Lanterna-chinesa | C3: exótica | D3: x | E3: x | I3: x | J3: x | L3: x | P3: x | S3: x | Z3: x | AA3: 3 | AC3: 60 | AD3: 50 | AE3: arbusto cheio | AF3: ** | AG3: insubstituível
A4: Acca sellowiana | B4: Goiaba-da-serra | C4: nativa | D4: x | H4: x | J4: x | O4: x | R4: x | X4: x | Y4: x | Z4: x | AA4: 2 | AB4: Fábrica de Árvores | AC4: 100 | AD4: 100 | AE4: arbusto cheio | AF4: *** | AG4: insubstituível
A5: Acorus gramineus | B5: Acorus | C5: exótica | D5: x | E5: x | K5: x | N5: x | O5: x | R5: x | X5: x | Y5: x | Z5: x | AA5: 2 | AC5: 30 | AD5: 40 | AE5: planta adulta | AF5: **** | AG5: Ophiopogon variegata
A6: Adiantum macrophyllum | B6: Avencão | C6: nativa | E6: x | F6: x | K6: x | O6: x | P6: x | R6: x | S6: x | X6: x | Y6: x | Z6: x | AA6: 2 | AC6: 30 | AD6: 20 | AF6: **** | AG6: insubstituível
A7: Adiantum pedatum | B7: Avenca-americana | C7: exótica | E7: x | F7: x | K7: x | O7: x | R7: x | S7: x | X7: x | Y7: x | Z7: x | AA7: 3 | AC7: 30 | AD7: 30 | AE7: arbusto cheio | AF7: *** | AG7: insubstituível
A8: Adiantum peruvianum | B8: Avencão | C8: nativa | E8: x | K8: x | O8: x | R8: x | S8: x | X8: x | Y8: x | Z8: x | AA8: 3 | AC8: 30 | AD8: 30 | AE8: touceira cheia | AF8: *** | AG8: insubstituível
A9: Adiantum raddianum | B9: Avenca | C9: nativa | E9: x | F9: x | J9: x | K9: x | S9: x | X9: x | Y9: x | Z9: x | AA9: 3 | AD9: 40 | AE9: planta adulta | AF9: *** | AG9: outras avencas
A10: Aechmea blanchetiana | B10: Bromélia-porto-seguro | C10: nativa | D10: x | E10: x | J10: x | R10: x | U10: x | Z10: x | AA10: 3 | AC10: 60 | AD10: 50 | AE10: planta adulta | AF10: ** | AG10: insubstituível
A11: Aechmea chantinii | B11: Bromélia-zebra | C11: nativa | E11: x | J11: x | M11: x | R11: x | V11: x | Z11: x | AA11: 2 | AC11: 40 | AD11: 30 | AE11: planta adulta | AF11: *** | AG11: insubstituível
A12: Aechmea fasciata | B12: Vaso-prateado | C12: nativa | E12: x | H12: x | J12: x | M12: x | V12: x | Z12: x | AA12: 3 | AC12: 40 | AD12: 30 | AE12: planta adulta | AF12: ** | AG12: insubstituível
A13: Agapanthus africanus | B13: Agapanto | C13: exótica | D13: x | E13: x | G13: x | H13: x | J13: x | K13: x | S13: x | X13: x | AA13: 3 | AC13: 30 | AE13: planta adulta | AF13: *** | AG13: insubstituível
A14: Allamanda blanchetti | B14: Alamanda-roxa | C14: nativa | D14: x | H14: x | L14: x | P14: x | T14: x | X14: x | Y14: x | Z14: x | AA14: 2 | AC14: 200 | AD14: 100 | AE14: arbusto cheio | AF14: *** | AG14: insubstituível
A15: Alocasia cucullata | B15: Alocasia | C15: exótica | D15: x | E15: x | F15: x | J15: x | T15: x | Z15: x | AA15: 2 | AC15: 50 | AD15: 50 | AE15: planta adulta | AF15: * | AG15: insubstituível
A16: Alocasia cuprea | B16: Pulmão-de-aço | C16: exótica | E16: x | J16: x | T16: x | Z16: x | AA16: 2 | AC16: 30 | AD16: 30 | AE16: planta adulta | AF16: *** | AG16: insubstituível
A17: Alocasia macrorrhiza | B17: Orelha-de-elefante | C17: exótica | D17: x | E17: x | J17: x | O17: x | R17: x | S17: x | Z17: x | AA17: 2 | AC17: 150 | AE17: mín. 6 folhas | AF17: ** | AG17: insubstituível
A18: Alocasia regal shield | B18: Alocasia-regal | C18: cultivada | E18: x | F18: x | J18: x | O18: x | U18: x | Y18: x | Z18: x | AA18: 1 | AB18: Campineira / Spagnol | AC18: 60 | AD18: 60 | AE18: mín. 6 folhas | AF18: *** | AG18: outras alocasias
A19: Alocasia wentii | C19: exótica | D19: x | E19: x | J19: x | S19: x | T19: x | Z19: x | AA19: 1 | AB19: J. Pompeo | AC19: 60 | AD19: 50 | AE19: arbusto cheio | AF19: ** | AG19: outras alocasias
A20: Alocasia x amazonica | B20: Punhal-malaio | C20: cultivada | E20: x | F20: x | J20: x | T20: x | Z20: x | AA20: 2 | AC20: 70 | AE20: mín. 6 folhas | AF20: * | AG20: insubstituível
A21: Aloysia virgata | B21: Folha-de-lixa | C21: nativa | D21: x | G21: x | J21: x | N21: x | O21: x | S21: x | X21: x | Y21: x | Z21: x | AA21: 1 | AB21: Fábrica de Árvores | AC21: 200 | AD21: 100 | AF21: *** | AG21: insubstituível
A22: Alpinia purpurata | B22: Alpínia | C22: exótica | D22: x | E22: x | I22: x | J22: x | O22: x | S22: x | Z22: x | AA22: 2 | AC22: 150 | AE22: mín. 6 hastes | AF22: * | AG22: tropicais de folha grande
A23: Alpinia sanderae | B23: Alpínia-variegada | C23: exótica | E23: x | J23: x | O23: x | W23: x | Z23: x | AA23: 1 | AB23: Floricultura Campineira | AC23: 120 | AD23: 70 | AE23: arbusto cheio | AF23: ** | AG23: Alpinia zerumbet
A24: Alpinia zerumbet | B24: Gengibre-concha | C24: exótica | D24: x | G24: x | J24: x | O24: x | W24: x | Z24: x | AA24: 2 | AC24: 150 | AE24: mín. 6 hastes | AF24: * | AG24: insubstituível
A25: Amphilophium paniculatum | B25: Cipó-de-água | C25: nativa | D25: x | H25: x | L25: x | S25: x | X25: x | Y25: x | AA25: 1 | AC25: 100 | AE25: trepadeira tutorada | AF25: **
A26: Anemone japonica | B26: Anêmona-do-japão | C26: exótica | D26: x | G26: x | H26: x | K26: x | S26: x | X26: x | AA26: 2 | AF26: ** | AG26: insubstituível
A27: Angelonia angustifolia | B27: Angelônia | C27: exótica | D27: x | G27: x | H27: x | K27: x | N27: x | O27: x | S27: x | X27: x | AA27: 2 | AC27: 30 | AD27: 25 | AE27: planta adulta | AF27: ** | AG27: insubstituível
A28: Anthurium amnicola | C28: exótica | E28: x | F28: x | H28: x | K28: x | S28: x | Y28: x | Z28: x | AA28: 1 | AB28: J. Pompeo | AC28: 30 | AD28: 20 | AE28: arbusto cheio | AF28: **** | AG28: insubstituível
A29: Anthurium andreanum | B29: Antúrio | C29: exótica | E29: x | F29: x | G29: x | I29: x | J29: x | K29: x | T29: x | Z29: x | AA29: 3 | AC29: 60 | AE29: planta adulta | AF29: * | AG29: insubstituível
A30: Anthurium brownii | B30: Antúrio-marrom | C30: nativa | E30: x | J30: x | K30: x | T30: x | Z30: x | AA30: 1 | AB30: J. Pompeo | AC30: 40 | AD30: 30 | AE30: arbusto cheio | AF30: *** | AG30: insubstituível
A31: Anthurium clavigerum | C31: nativa | E31: x | J31: x | L31: x | S31: x | Z31: x | AA31: 1 | AB31: J. Pompeo | AC31: 60 | AD31: 60 | AE31: arbusto cheio | AF31: *** | AG31: insubstituível
A32: Anthurium coriaceum | C32: nativa | E32: x | F32: x | J32: x | T32: x | Z32: x | AA32: 1 | AB32: J. Pompeo | AC32: 80 | AD32: 40 | AE32: arbusto cheio | AF32: **** | AG32: insubstituível
A33: Anthurium hookeri | C33: nativa | D33: x | E33: x | J33: x | M33: x | T33: x | Z33: x | AA33: 1 | AB33: J. Pompeo | AC33: 60 | AD33: 50 | AE33: arbusto cheio | AF33: ** | AG33: insubstituível
A34: Anthurium plowmanii | C34: nativa | E34: x | J34: x | S34: x | Z34: x | AA34: 1 | AB34: J. Pompeo | AC34: 60 | AD34: 40 | AE34: planta adulta | AF34: **** | AG34: insubstituível
A35: Antigonon leptopus | B35: Amor-agarradinho | C35: exótica | D35: x | I35: x | L35: x | P35: x | R35: x | X35: x | Y35: x | AA35: 3 | AC35: 300 | AE35: trepadeira tutorada | AF35: * | AG35: trepadeiras floridas
A36: Arachis repens | B36: Grama-amendoim | C36: nativa | D36: x | E36: x | K36: x | Q36: x | T36: x | X36: x | Y36: x | Z36: x | AA36: 3 | AC36: 10 | AF36: * | AG36: forrações nativas
A37: Aristea ecklonii | B37: Moréia-azul | C37: exótica | D37: x | E37: x | H37: x | K37: x | O37: x | S37: x | X37: x | Y37: x | AA37: 1 | AC37: 30 | AD37: 20 | AE37: touceira cheia | AF37: ** | AG37: outras flores azuis
A38: Aristolochia gigantea | B38: Papo-de-peru | C38: nativa | D38: x | H38: x | L38: x | P38: x | T38: x | Z38: x | AA38: 2 | AC38: 300 | AE38: trepadeira tutorada | AF38: * | AG38: trepadeiras incomuns
A39: Arundina bambusifolia | B39: Orquídea-bambu | C39: exótica | D39: x | E39: x | H39: x | J39: x | O39: x | R39: x | X39: x | AA39: 3 | AC39: 150 | AE39: mín. 4 hastes | AF39: **** | AG39: insubstituível
A40: Arundinaria japonica | B40: Bambu-metake | C40: exótica | D40: x | E40: x | J40: x | O40: x | S40: x | X40: x | Y40: x | Z40: x | AA40: 3 | AC40: 250 | AD40: 40 | AE40: touceira | AF40: *** | AG40: outros bambus
A41: Arundo donax | B41: Cana-do-reino | C41: exótica | D41: x | J41: x | O41: x | S41: x | Y41: x | Z41: x | AA41: 2 | AB41: Flora Caetê | AC41: 100 | AD41: 100 | AE41: arbusto cheio | AF41: ** | AG41: insubstituível
A42: Asparagus densiflorus myersii | B42: Asppargo-rabo-de-gato | C42: exótica | D42: x | E42: x | G42: x | J42: x | K42: x | O42: x | R42: x | X42: x | Y42: x | AA42: 3 | AC42: 20 | AD42: 20 | AF42: *** | AG42: insubstituível
A43: Asparagus falcatus | B43: Aspargo-macarrão | C43: exótica | D43: x | E43: x | J43: x | N43: x | P43: x | S43: x | X43: x | Y43: x | Z43: x | AA43: 2 | AC43: 40 | AD43: 40 | AE43: arbusto cheio | AF43: *** | AG43: insubstituível
A44: Asparagus myriocladus | B44: Aspargo-zigue-zague | C44: exótica | E44: x | G44: x | J44: x | O44: x | R44: x | S44: x | X44: x | Y44: x | AA44: 2 | AC44: 50 | AD44: 40 | AE44: arbusto cheio | AF44: *** | AG44: insubstituível
A45: Asplenium nidus | B45: Asplênio | C45: exótica | E45: x | F45: x | J45: x | M45: x | R45: x | Z45: x | AA45: 3 | AC45: 70 | AD45: 70 | AE45: planta adulta | AF45: *** | AG45: insubstituível
A46: Baccharis dracunlifoilia | B46: Alecrim-do-campo | C46: nativa | D46: x | G46: x | J46: x | O46: x | R46: x | S46: x | X46: x | Y46: x | Z46: x | AA46: 1 | AB46: Fábrica de Árvores | AC46: 200 | AD46: 100 | AF46: *** | AG46: insubstituível
A47: Baccharis trimera | B47: Carqueja | C47: nativa | D47: x | G47: x | J47: x | K47: x | R47: x | S47: x | X47: x | Y47: x | Z47: x | AA47: 3 | AC47: 40 | AD47: 30 | AE47: touceira cheia | AF47: *** | AG47: insubstituível
A48: Barleria cristata | B48: Violeta-filipina | C48: exótica | D48: x | E48: x | G48: x | H48: x | J48: x | O48: x | S48: x | T48: x | X48: x | Y48: x | AA48: 3 | AB48: Floricultura Campineira | AC48: 90 | AD48: 80 | AE48: arbusto cheio | AF48: ** | AG48: tumbérgia
A49: Bauhinia galpinii | B49: Bauínia-vermelha | C49: exótica | D49: x | I49: x | J49: x | O49: x | R49: x | S49: x | Y49: x | Z49: x | AA49: 2 | AB49: Floricultura Campineira | AC49: 150 | AD49: 100 | AE49: arbusto cheio | AF49: ** | AG49: mini-flamboiã
A50: Bauhinia scandens | B50: Bauínia-trepadeira | C50: exótica | D50: x | E50: x | H50: x | L50: x | N50: x | R50: x | S50: x | X50: x | Y50: x | Z50: x | AA50: 1 | AB50: Fazenda Citra | AC50: 120 | AE50: trepadeira tutorada | AF50: *** | AG50: insubstituível
A51: Beaumontia grandiflora | B51: Trombeta-de-arauto | C51: exótica | D51: x | E51: x | G51: x | L51: x | N51: x | T51: x | X51: x | Y51: x | Z51: x | AA51: 2 | AC51: 100 | AE51: trepadeira tutorada | AF51: **** | AG51: insubstituível
A52: Begonia acotinifolia | B52: Begônica metálica | C52: nativa | D52: x | E52: x | H52: x | J52: x | O52: x | S52: x | T52: x | Y52: x | Z52: x | AA52: 2 | AB52: Floricultura Campineira | AC52: 90 | AD52: 60 | AE52: arbusto cheio | AF52: ** | AG52: Begonia coccinea
A53: Begonia bunchii | B53: Begonia-folha-de-alface | C53: exótica | F53: x | K53: x | R53: x | S53: x | Y53: x | Z53: x | AA53: 2 | AB53: Flora Fujimaki | AC53: 20 | AD53: 30 | AE53: cuia cheia | AF53: *** | AG53: insubstituível
A54: Begonia coccinea | B54: Begônia-asa-de-anjo | C54: nativa | E54: x | H54: x | J54: x | O54: x | S54: x | Y54: x | Z54: x | AA54: 2 | AC54: 120 | AD54: 80 | AE54: arbusto cheio | AF54: *** | AG54: insubstituível
A55: Begonia heracleifolia | B55: Begonia-estrela | C55: exótica | F55: x | K55: x | AA55: 2 | AB55: Flora Fujimaki | AC55: 20 | AD55: 30 | AE55: cuia cheia | AF55: *** | AG55: insubstituível
A56: Begonia listada | C56: nativa | F56: x | G56: x | K56: x | T56: x | Y56: x | Z56: x | AA56: 2 | AB56: Flora Fujimaki | AC56: 20 | AD56: 30 | AE56: cuia cheia | AF56: *** | AG56: insubstituível
A57: Begonia maculata | C57: nativa | E57: x | F57: x | K57: x | O57: x | S57: x | U57: x | X57: x | Y57: x | Z57: x | AA57: 1 | AC57: 30 | AD57: 20 | AE57: cuia cheia | AF57: *** | AG57: insubstituível
A58: Begonia manicata | B58: Begônia-crespa | C58: nativa | E58: x | H58: x | J58: x | O58: x | S58: x | T58: x | Y58: x | Z58: x | AA58: 1 | AC58: 40 | AD58: 40 | AE58: planta adulta | AF58: ** | AG58: insubstituível
A59: Begonia paulensis | B59: Begônia-teia-de-aranha | C59: nativa | E59: x | F59: x | J59: x | K59: x | T59: x | Z59: x | AA59: 1 | AC59: 30 | AD59: 30 | AE59: planta adulta | AF59: ** | AG59: insubstituível
A60: Begonia rex | B60: Begônia-rex | C60: cultivada | E60: x | F60: x | K60: x | O60: x | S60: x | T60: x | U60: x | V60: x | W60: x | X60: x | Y60: x | Z60: x | AA60: 3 | AC60: 40 | AD60: 40 | AE60: planta adulta | AF60: * | AG60: insubstituível
A61: Begonia rex sementacea | B61: Begônia-de-folha | C61: nativa | E61: x | G61: x | K61: x | N61: x | T61: x | Y61: x | Z61: x | AA61: 1 | AC61: 20 | AD61: 20 | AE61: planta adulta | AF61: *** | AG61: outras begônias
A62: Belamcanda chinensis | B62: Flor-leopardo | C62: exótica | D62: x | I62: x | K62: x | R62: x | X62: x | Y62: x | AA62: 3 | AC62: 30 | AE62: planta adulta | AF62: **** | AG62: insubstituível
A63: Billbergia nutans | B63: Lágrimas-de-rainha | C63: nativa | E63: x | H63: x | M63: x | P63: x | S63: x | Z63: x | AA63: 1 | AB63: Tilandsias Brasil | AC63: 40 | AD63: 40 | AE63: planta adulta | AF63: **** | AG63: insubstituível
A64: Bixa orellana | B64: Urucum | C64: nativa | D64: x | I64: x | J64: x | O64: x | S64: x | Y64: x | Z64: x | AA64: 2 | AC64: 200 | AD64: 200 | AF64: *** | AG64: insubstituível
A65: Blechnum brasiliense | B65: Samabaiaçu-do-brejo | C65: nativa | D65: x | E65: x | J65: x | O65: x | R65: x | S65: x | Y65: x | Z65: x | AA65: 1 | AC65: 80 | AD65: 80 | AF65: ** | AG65: insubstituível
A66: Bomarea edulis | B66: Cará-de-caboclo | C66: nativa | D66: x | E66: x | H66: x | L66: x | S66: x | Y66: x | Z66: x | AA66: 1 | AC66: 60 | AE66: trepadeira tutorada | AF66: ** | AG66: insubstituível
A67: Bougainvillea sp | B67: Primavera | C67: nativa | D67: x | G67: x | H67: x | I67: x | J67: x | L67: x | O67: x | P67: x | T67: x | X67: x | Y67: x | Z67: x | AA67: 3 | AC67: 400 | AE67: trepadeira tutorada | AF67: **** | AG67: insubstituível
A68: Breynia nivosa | B68: Mil-cores | C68: exótica | E68: x | J68: x | O68: x | U68: x | X68: x | Y68: x | AA68: 2 | AC68: 80 | AD68: 80 | AE68: arbusto cheio | AF68: **** | AG68: insubstituível
A69: Brunfelsia pauciflora | B69: Manacá-graúdo | C69: nativa | D69: x | E69: x | H69: x | J69: x | N69: x | O69: x | T69: x | X69: x | Y69: x | Z69: x | AA69: 1 | AC69: 150 | AD69: 80 | AE69: arbusto cheio | AF69: ** | AG69: uniflora
A70: Brunfelsia uniflora | B70: Manacá-de-cheiro | C70: nativa | D70: x | E70: x | G70: x | H70: x | J70: x | N70: x | O70: x | T70: x | X70: x | AA70: 3 | AC70: 150 | AD70: 80 | AE70: arbusto cheio | AF70: *** | AG70: insubstituível
A71: Buddleja davidii | B71: Budléia | C71: exótica | D71: x | E71: x | G71: x | H71: x | J71: x | N71: x | O71: x | S71: x | X71: x | Y71: x | Z71: x | AA71: 2 | AC71: 120 | AD71: 60 | AF71: ** | AG71: outras perfumadas
A72: Bulbine frutescens | B72: Bulbine | C72: exótica | D72: x | I72: x | K72: x | O72: x | R72: x | X72: x | Y72: x | AA72: 3 | AC72: 15 | AD72: 15 | AE72: cuia cheia | AF72: ** | AG72: insubstituível
A73: Buxus sempervirens | B73: Buxinho | C73: exótica | D73: x | E73: x | J73: x | O73: x | T73: x | X73: x | AA73: 3 | AC73: 200 | AD73: 100 | AE73: arbusto cheio | AF73: **** | AG73: insubstituível
A74: Caesalpinia pulcherrima | B74: Flamboyãzinho | C74: exótica | D74: x | I74: x | J74: x | O74: x | S74: x | Z74: x | AA74: 2 | AC74: 200 | AD74: 120 | AE74: arbusto cheio | AF74: **** | AG74: insubstituível
A75: Calathea argyraea | B75: Calatéia-prateada | C75: nativa | E75: x | K75: x | O75: x | V75: x | Z75: x | AA75: 2 | AC75: 30 | AD75: 30 | AF75: *** | AG75: outras calatéias
A76: Calathea carlina | B76: Maranta-folha-de-prata | C76: nativa | E76: x | K76: x | Q76: x | V76: x | Y76: x | Z76: x | AA76: 1 | AC76: 20 | AD76: 20 | AF76: **** | AG76: insubstituível
A77: Calathea crotalifera | B77: Caetê-guizo-de-cascavel | C77: nativa | E77: x | F77: x | H77: x | J77: x | O77: x | S77: x | Z77: x | AA77: 1 | AC77: 200 | AE77: planta adulta | AF77: ** | AG77: tropicais de folha grande
A78: Calathea cylindrica | B78: Maranta-de-Burle-Marx-verde | C78: nativa | E78: x | F78: x | J78: x | O78: x | R78: x | S78: x | Z78: x | AA78: 1 | AC78: 80 | AD78: 80 | AE78: planta adulta | AF78: ** | AG78: insubstituível
A79: Calathea leopardina | B79: Maranta-leopardo | C79: nativa | E79: x | K79: x | O79: x | R79: x | Z79: x | AA79: 2 | AC79: 30 | AD79: 30 | AF79: **** | AG79: outras calatéias
A80: Calathea loeseneri | B80: Maranta-rosa | C80: nativa | E80: x | H80: x | J80: x | K80: x | O80: x | S80: x | Y80: x | Z80: x | AA80: 2 | AC80: 50 | AD80: 50 | AE80: arbusto cheio | AF80: **** | AG80: insubstituível
A81: Calathea lutea | B81: Calatéa-charuto | C81: nativa | E81: x | J81: x | O81: x | S81: x | V81: x | Z81: x | AA81: 1 | AC81: 200 | AE81: planta adulta | AF81: **** | AG81: insubstituível
A82: Calathea makoyana | B82: Maranta-pavão | C82: nativa | E82: x | F82: x | K82: x | O82: x | W82: x | Z82: x | AA82: 3 | AC82: 20 | AD82: 20 | AF82: *** | AG82: outras calatéias
A83: Calathea musaica | B83: Caetê-salpicado | C83: nativa | E83: x | F83: x | K83: x | O83: x | R83: x | S83: x | Z83: x | AA83: 1 | AC83: 30 | AD83: 30 | AF83: **** | AG83: insubstituível
A84: Calathea orbifolia | B84: Caetê-redondo | C84: nativa | E84: x | F84: x | K84: x | O84: x | S84: x | X84: x | Y84: x | Z84: x | AA84: 1 | AC84: 20 | AE84: planta adulta | AF84: *** | AG84: insubstituível
A85: Calathea roseo-picta | B85: Caetê-riscado | C85: nativa | E85: x | K85: x | O85: x | T85: x | W85: x | Z85: x | AA85: 2 | AC85: 30 | AD85: 30 | AF85: ** | AG85: outras calatéias
A86: Calathea zebrina | B86: Calatéia-zebra | C86: nativa | E86: x | F86: x | S86: x | X86: x | Y86: x | Z86: x | AA86: 3 | AC86: 40 | AD86: 40 | AE86: arbusto cheio | AF86: *** | AG86: insubstituível
A87: Calliandra brevipes | B87: Esponjinha | C87: nativa | D87: x | H87: x | J87: x | N87: x | O87: x | T87: x | X87: x | Y87: x | AA87: 2 | AC87: 80 | AD87: 80 | AE87: planta adulta | AF87: **** | AG87: insubstituível
A88: Callisia fragrans | C88: exótica | D88: x | E88: x | G88: x | K88: x | N88: x | Q88: x | S88: x | Y88: x | Z88: x | AA88: 2 | AC88: 15 | AD88: 20 | AF88: *** | AG88: insubstituível
A89: Callisia repens | B89: Dinheiro-em-penca | C89: nativa | D89: x | E89: x | K89: x | Q89: x | T89: x | Y89: x | Z89: x | AA89: 3 | AC89: 10 | AE89: cuia cheia | AF89: * | AG89: forrações de sombra
A90: Camellia sasanqua | B90: Camélia | C90: exótica | E90: x | G90: x | H90: x | J90: x | O90: x | T90: x | X90: x | AA90: 2 | AC90: 200 | AD90: 100 | AE90: arbusto cheio | AF90: **** | AG90: insubstituível
A91: Campomanesia pubescens | B91: Guabiroba-felpuda | C91: nativa | D91: x | G91: x | J91: x | O91: x | R91: x | S91: x | X91: x | Y91: x | Z91: x | AA91: 1 | AC91: 100 | AD91: 60
A92: Camptosema spectabile | B92: Cipó-tapiá | C92: nativa | D92: x | I92: x | L92: x | P92: x | S92: x | Z92: x | AA92: 1 | AC92: 200 | AE92: trepadeira tutorada | AF92: * | AG92: trepadeiras floridas
A93: Cananga odorata fruticosa | B93: Ylang-ylang-anão | C93: exótica | D93: x | E93: x | H93: x | J93: x | N93: x | O93: x | S93: x | X93: x | Y93: x | AA93: 2 | AB93: J. Pompeo | AC93: 100 | AD93: 60 | AE93: arbusto cheio | AF93: *** | AG93: insubstituível
A94: Canna glauca | B94: Caetê-imbiri | C94: exótica | D94: x | H94: x | J94: x | O94: x | S94: x | Y94: x | Z94: x | AA94: 2 | AC94: 130 | AE94: arbusto cheio | AF94: * | AG94: tropicais palustres
A95: Carissa macrocarpa | B95: Ameixa-de-natal | C95: exótica | D95: x | E95: x | G95: x | J95: x | O95: x | T95: x | X95: x | AA95: 2 | AB95: Safari Garden | AC95: 100 | AD95: 60
A96: Cereus peruvianus | B96: Mandacaru-do-Peru | C96: exótica | D96: x | G96: x | J96: x | O96: x | R96: x | S96: x | Z96: x | AA96: 2 | AC96: 200 | AD96: 70 | AF96: *** | AG96: outros cactos
A97: Cestrum nocturnum | B97: Dama-da-noite | C97: exótica | D97: x | E97: x | H97: x | J97: x | N97: x | O97: x | T97: x | X97: x | Y97: x | Z97: x | AA97: 2 | AC97: 150 | AD97: 150 | AE97: arbusto cheio | AF97: *** | AG97: insubstituível
A98: Chamaedorea brachypoda | B98: Bambuzinho | C98: exótica | E98: x | J98: x | O98: x | S98: x | T98: x | Z98: x | AA98: 1 | AB98: Boa Vista Plantas Ornamentais | AC98: 150 | AE98: mín. 10 hastes | AF98: **** | AG98: insubstituível
A99: Chamaedorea metallica | B99: Palmeirinha-metálica | C99: exótica | E99: x | F99: x | J99: x | O99: x | T99: x | V99: x | Z99: x | AA99: 3 | AC99: 90 | AD99: 40 | AE99: touceira cheia | AF99: *** | AG99: insubstituível
A100: Chlorophytum comosum | B100: Clorofito | C100: exótica | E100: x | K100: x | Q100: x | W100: x | X100: x | Y100: x | AA100: 3 | AC100: 15 | AE100: planta adulta | AF100: *** | AG100: insubstituível
...
